commit,date,total_problems,lean_formalized,oeis_linked,total_solved,proved,disproved,solved,lean_solved,open
cee85ee5b85bb8ccdbb51647ef3ab7d68a799668,2025-08-31 09:59:02 -0700,2,0,1,1,0,0,1,0
c7623a59c530a573194fe00c82bded702faed2e0,2025-08-31 10:08:27 -0700,3,3,1,1,0,0,1,0
3a01dfb81f0c29e6b8e5ed4b90b828fc9d485915,2025-08-31 10:26:37 -0700,200,3,1,1,0,0,1,0
45180294c209bce170e022a4ba6b72f860f9cf01,2025-08-31 10:44:07 -0700,200,3,1,2,0,0,2,0
3f01a4a6fae496569c2187d237af798bc162a573,2025-08-31 11:33:10 -0700,992,3,1,2,0,0,2,0
879c6665fc25092298745491aa6f7b9c641c12cd,2025-08-31 11:57:24 -0700,992,148,1,2,0,0,2,0
23a8629378d7d11ff3cac90ef254876680f852a6,2025-08-31 12:10:40 -0700,992,148,40,2,0,0,2,0
2a715d6291f6b74cd903ca8f16a761b079b95457,2025-08-31 12:49:49 -0700,992,148,41,355,0,0,355,0
d281c7722b83584c94f2edeae1b22815693bee93,2025-08-31 13:42:53 -0700,992,148,43,355,0,0,355,0
634f5d76110920c9c2cfdd12d6f4c9612f4bf1ef,2025-08-31 14:15:04 -0700,992,148,45,355,0,0,355,0
5abb74e58b0bfabbba46913412165e5a7996d429,2025-08-31 15:49:53 -0700,992,148,48,355,0,0,355,0
009173b2d0933df1e73a6f8e9216c28a01191164,2025-08-31 16:55:32 -0700,992,148,50,355,0,0,355,0
1004f96d498088d384d85a55dca6f1ded600cb67,2025-08-31 17:23:45 -0700,992,148,51,355,0,0,355,0
7e042726a604cc916137ceb1dc01b86f420b23e9,2025-08-31 20:00:17 -0700,992,148,53,355,0,0,355,0
3032dc5a9cf6793c4af5c7ac6b787ed2a02b1258,2025-08-31 21:19:42 -0700,992,148,52,355,0,0,355,0
25f59dddf7d2410c71cd0d528b1828550d01f1d4,2025-09-01 08:30:39 +0200,992,148,53,355,0,0,355,0
49481470b5c0b9054df381f69fdb589c58436838,2025-09-01 08:44:38 +0200,992,152,53,355,0,0,355,0
b1662d5cfa3fe1c797ea3e1e69fc71f68d2aa564,2025-09-01 05:49:45 -0500,992,152,54,355,0,0,355,0
c19748a707a642b0a4549693d3e550687f5fafcc,2025-09-01 06:39:49 -0700,992,152,56,355,0,0,355,0
205439060cd1c66c13acde3f159a2ef6b5ca056c,2025-09-01 09:02:54 -0700,992,152,57,355,0,0,355,0
ebe37973f7dc8d017bfeae0f1dfb6d7789c34438,2025-09-01 09:08:12 -0700,992,152,58,349,232,79,38,2
8d639d6dfd01b21fab48cfe0490f96a35255dabc,2025-09-01 19:50:07 +0200,992,152,60,349,232,79,38,2
3ef5f3ce8cae8815f8be7b0d261c35d8d720bf40,2025-09-01 13:25:35 -0500,992,152,61,349,232,79,38,2
074db2814f92ba78d36c84c585fb53eb18618be1,2025-09-01 21:26:11 +0000,992,155,61,349,232,79,38,2
ea9d5cd6cf8f21c108c5f7914d8178e7e98e8132,2025-09-01 18:31:55 -0700,992,152,62,349,232,79,38,2
3bc2b9c4ae6387d10eee4762106510607f1f6ecb,2025-09-01 18:33:44 -0700,992,155,63,349,232,79,38,2
af9a99289e055e76450c46f93e55fc3b8c27547d,2025-09-01 21:51:35 -0700,992,155,64,349,232,79,38,2
ad3bde05cfc4c61c3f982bbc87da054d512a0869,2025-09-01 21:57:04 -0700,992,155,65,349,232,79,38,2
ee36de8617f35172c1372d4bc061ff06cce4a0e5,2025-09-02 05:46:08 +0000,992,156,65,349,232,79,38,2
49a2a3fec248b80bdc736514a351c1bb9a73a5a3,2025-09-02 06:15:39 +0000,992,157,65,349,232,79,38,2
f4b70f9a719e79741f6f31824a594ec93bfa70ca,2025-09-02 13:10:40 +0200,992,157,66,349,232,79,38,2
8017cb6a7daa486be9f58cc02d95dbb652ce7a30,2025-09-02 09:41:27 -0500,992,157,67,349,232,79,38,3
a5c24a5cd97645ac5f942177062fccdd111082d0,2025-09-02 07:50:01 -0700,992,157,70,349,232,79,38,3
89c3a9c977fd40de74c0ea18d30ff258af053ff3,2025-09-02 08:04:29 -0700,992,157,74,349,232,79,38,3
9991a19525618e0cdcc86ddf6c6e40f8c3bb979c,2025-09-02 08:08:05 -0700,992,157,75,349,232,79,38,3
3e73191b105c97e1d40eaebb1cad2bc01ff60e7a,2025-09-02 08:12:18 -0700,992,157,76,349,232,79,38,3
d7344eaa150c4823316e6f5816cc6be746d720f2,2025-09-02 08:17:29 -0700,992,157,77,349,232,79,38,3
2150c7586deddb7f40339063816ff4e06c21e5cf,2025-09-02 10:31:36 -0500,992,157,78,349,232,79,38,3
27bba65eb949e8de93d6b111b37901302de851fa,2025-09-02 09:06:17 -0700,992,157,77,350,233,79,38,3
46ec48a70a6452f68ed978f7616fc2cfe8cca309,2025-09-02 11:39:31 -0500,992,157,79,350,233,79,38,3
5565504607ead02daf4e328c17426b6cf4cded2f,2025-09-02 19:02:28 +0200,992,157,80,350,233,79,38,3
21bd9a11324fd6569c4cf8d60b5a12886f73f092,2025-09-02 19:11:54 +0200,992,157,81,350,233,79,38,3
7380967fad1314f8891a232ba3d3e9ad56b06732,2025-09-02 10:31:05 -0700,992,157,84,350,233,79,38,3
354a043fb919805cbb2cadba3c18ccd6086252ae,2025-09-02 14:18:14 -0400,992,157,88,350,233,79,38,3
09f20a384b3e4a15116d26c9463e8ce886bdfc0b,2025-09-02 14:20:35 -0400,992,157,85,350,233,79,38,3
92e9e6d6dcbccf4debf56715513d60adfd1697af,2025-09-02 14:45:17 -0400,992,157,90,350,233,79,38,3
0062f8432584821a370f94257f8437586e1f3b36,2025-09-02 14:55:20 -0400,992,157,91,350,233,79,38,3
75997fc6d3994b30c4a295e2d1f489aff425e949,2025-09-02 14:59:19 -0400,992,157,92,350,233,79,38,3
d28b5cea429c01e89593aa57e4aeac30b7512eb4,2025-09-02 15:54:21 -0400,992,157,94,350,233,79,38,3
f1606d81849057634a8197596f00ebc048320206,2025-09-02 15:32:15 -0700,992,157,94,351,233,80,38,3
5f71d175da547aeb4dc31b091d377b802b050c4b,2025-09-03 10:50:40 -0400,992,157,94,352,234,80,38,3
aa3413387650e743bfc95625528c0e560288fac3,2025-09-03 08:09:59 -0700,992,157,94,351,233,80,38,3
164206305e8fac9405aca06f9ca7da39c175190e,2025-09-03 08:43:40 -0700,992,157,94,352,234,80,38,3
49f29a44316b85f2e2b811f457b27bf9b0678fd5,2025-09-03 15:45:35 +0000,992,158,94,352,234,80,38,3
d9797c64c0c0fcafaea725a565b764ede04335b8,2025-09-03 08:56:53 -0700,992,157,95,352,234,80,38,3
310fb9f8a0b110f1cd701f284ad30e890a80abe8,2025-09-03 10:31:36 -0700,992,158,99,352,234,80,38,3
890753abbdd3737be0e060a1a7510963e0e2854b,2025-09-03 10:35:43 -0700,992,158,100,352,234,80,38,3
7f71ac06f4495457bf01d413151c580f31de5f83,2025-09-03 14:04:42 -0400,992,157,95,352,234,80,38,3
62eaea70005b21f3a7c31aa6b3e831234b7ceabe,2025-09-03 12:22:00 -0700,992,158,101,352,234,80,38,3
8302eee9f683f46e335a6a2fcda02030db323d25,2025-09-03 16:18:59 -0400,992,158,103,352,234,80,38,3
f1c3fe7c830ac6c6ac6485fdba7fa2af656405f4,2025-09-03 14:25:29 -0700,992,158,104,352,234,80,38,3
92a60e15458412f2d4b17f5e5f437e017ead160c,2025-09-03 22:40:56 -0700,992,158,105,352,234,80,38,3
d535182bbe1091d9b2dffe37cab00519a2572035,2025-09-03 22:55:53 -0700,992,158,106,352,234,80,38,3
56ac85ad99c9d17e760e1e492fe8d23cb867b52d,2025-09-04 00:06:39 -0700,992,158,107,352,234,80,38,3
c51b13b5e2fec4a7d3d0bff331523ea22e0c027b,2025-09-04 07:43:31 +0000,992,159,107,352,234,80,38,3
22998d7dcdda6b2ca2f590452eb6fbbdb1fc8af2,2025-09-04 09:23:56 +0000,992,160,107,352,234,80,38,3
69a7d48201f07835253c4b784554af10b9e27849,2025-09-04 08:39:05 -0500,992,160,108,352,234,80,38,3
81ef4fbe007f0236a0c230a82eef5c2902178df2,2025-09-04 08:55:23 -0700,992,160,109,352,234,80,38,3
04d205ae7c77d52763e76f2ca582bc696c8c97fe,2025-09-04 09:50:59 -0700,992,160,110,352,234,80,38,3
17742f0121470518fdf8b6b65ce1e1d738d8950b,2025-09-04 09:57:07 -0700,992,160,111,352,234,80,38,3
7bb320210f59c623e45a16ab79c6998ac2917217,2025-09-04 10:34:40 -0700,992,160,112,352,234,80,38,3
cfe9674e63a45b43f4b1e5a66f619ee4024aaebd,2025-09-04 12:42:00 -0700,992,160,113,352,234,80,38,3
a15217a5c0d37e777a227b52c1a1c9ada16d5009,2025-09-04 12:45:09 -0700,992,160,114,352,234,80,38,3
cc68624ed27bc5576617bc4b03e4e37dc5904492,2025-09-04 14:53:13 -0700,992,160,113,352,234,80,38,3
2a2491027069f2d21e9f40beb19e692b564b44b2,2025-09-04 15:29:40 -0700,992,160,114,352,234,80,38,3
0ff23a63c62f28242ea77a9bdbf36aa2966ac76b,2025-09-04 15:34:09 -0700,992,160,113,352,234,80,38,3
91dedcc18a2ee756998111232a392ef736ea1aa2,2025-09-04 15:39:31 -0700,992,160,116,352,234,80,38,3
30d0fad59e5d80c6ffd5ee2a2935992dd623dda6,2025-09-05 13:44:53 +0000,992,161,116,352,234,80,38,3
c7bd770eeaf3cb3cb01e81c3366cb6c29bb792b3,2025-09-05 14:16:45 +0000,992,162,116,352,234,80,38,3
ded7f299e5a3997fc7c1d0bd7602061eabcecb3e,2025-09-05 18:21:27 +0000,992,163,116,352,234,80,38,3
38e893e7c489fefd7d00b8e3117c16ebad888ff3,2025-09-05 18:26:45 +0000,992,164,116,352,234,80,38,3
8d761dbe57cebe07fa9e47eba64e8b724d5425a4,2025-09-06 17:54:37 -0700,992,157,94,350,233,79,38,3
bbd51cbbaa79bca740c1832b38dddb7461de7f78,2025-09-06 22:26:35 -0700,992,160,117,352,234,80,38,3
ce0dd010b8ebaa171c4c3b55223f26310619a9f9,2025-09-07 08:48:20 +0100,993,164,118,352,234,80,38,3
04b80390c9a4b455bcc2cf68bbbe99cec5077d19,2025-09-07 08:45:10 +0000,993,165,118,352,234,80,38,3
6ca6091b2e609d9e62f11559f3d1536ff3544a1d,2025-09-07 10:05:40 -0700,993,165,118,353,235,80,38,3
254e893dadbee2284ec0b3403e097cfc398df4b0,2025-09-07 21:35:04 +0100,1002,165,118,357,237,81,39,3
42572e578da7e163d0a26411bf2573a4c242bde5,2025-09-07 15:44:55 -0700,1002,165,119,357,237,81,39,3
d557c3bd0321186dc4e8e8845bd18af788f3c134,2025-09-07 20:22:48 -0700,1002,165,120,357,237,81,39,3
83a6501e5182dcec96ee26a284d058840803c65e,2025-09-08 09:16:58 -0400,992,157,94,350,233,79,38,3
415107319f9406a5b1d47bd69d67119cdbb9d5ea,2025-09-08 14:55:31 +0100,1004,165,121,357,237,81,39,3
52eda95f5e0fe0cbfecd2ff2455bb0104dc95bb2,2025-09-08 14:31:27 -0700,1004,165,122,358,238,81,39,3
e55db70c018012829581d7b88bf196b0c3c980e9,2025-09-09 08:46:28 -0500,1004,165,123,358,238,81,39,3
3852af9f47d110fe912c174d4a034f7f5c458112,2025-09-09 07:56:00 -0700,1004,165,122,358,238,81,39,3
8d05da36de79a439c7c536fad02df683a5913d29,2025-09-09 10:03:29 -0700,1004,165,124,358,238,81,39,3
bc6647f122131d4b37af84aeec223d663ed4fc2c,2025-09-09 10:18:02 -0700,1004,165,125,358,238,81,39,3
6da3d1a1600f4699c425a877815a1a2a3c620a68,2025-09-09 15:31:01 -0700,1007,165,125,359,238,81,40,3
de6be51a0fd82d289cf1b48698358d70d0aa3dc8,2025-09-09 20:06:07 -0400,1007,165,126,359,238,81,40,3
8b19ef8e0fd2eb42d05ddc1ebc4dbdd54705a238,2025-09-09 20:05:44 -0700,1007,165,127,359,238,81,40,3
fb84aacec4c65c0f65bffb9f8994968993ad0d22,2025-09-09 20:15:34 -0700,1007,165,128,359,238,81,40,3
47a71d930b5d70c88629bc67af4ad7fa5f014c15,2025-09-09 20:20:38 -0700,1007,165,129,359,238,81,40,3
100d888c00ef0145d1e51da4640d47bebd94cd5c,2025-09-09 23:06:19 -0700,1007,165,131,359,238,81,40,3
c45a7f7be89f7c1b980c590cd71373324d3cb55c,2025-09-09 23:15:55 -0700,1007,165,130,359,238,81,40,3
d40b0473f982ba9e2a42981b9499d586e30168b7,2025-09-10 08:54:28 +0100,1016,165,130,361,239,81,41,3
2b07da33cc5eb6c4b469d45681a60f70ed201db3,2025-09-10 09:20:32 +0100,1016,165,131,361,239,81,41,3
1743c9c117e22f5da61d76908a8df089bbd2dc8d,2025-09-10 10:48:30 +0200,1016,165,132,361,239,81,41,3
47658c511f3fda53f69086f9aa87f26432fa03d5,2025-09-10 13:34:50 +0200,1016,165,136,361,239,81,41,3
12f9856ad89f1ae21085bebbb85cf1af49273b31,2025-09-10 13:56:42 +0200,1016,165,138,361,239,81,41,3
d7187e2addf3c3b42de67ad6571c9735ac5cd87f,2025-09-10 10:30:06 -0500,1016,165,141,361,239,81,41,3
d7c80263fd3b9f00a5356731c3f4d6e5fb045dd4,2025-09-10 18:14:24 +0100,1016,165,139,361,239,81,41,3
7f17ab6d50df1ad7d1d5a13026ffdbe09837aca3,2025-09-10 19:46:58 -0400,1016,165,142,361,239,81,41,3
f2380e1bef128c3ff636cb373f8a4eaa58dc8614,2025-09-10 22:31:52 -0700,1016,165,145,361,239,81,41,3
37e5047c7b3b38f891ed1e432ed63340dce6ecbd,2025-09-11 10:46:03 +0200,1016,165,143,361,239,81,41,3
30c9b7acc0e0279de2f9aa5a7c36b76a96bf3d3c,2025-09-11 15:09:13 -0400,1016,165,146,361,239,81,41,3
c6e76c9aba584570e77629096a0bd9ffa8692ea8,2025-09-11 15:05:11 -0700,1016,165,147,361,239,81,41,3
23be3cecaf65d3c6ddaf774324a7602454a74996,2025-09-12 09:38:16 +0100,1016,165,140,361,239,81,41,3
53df7c3159f76d1b2b06583b0db8b49059226081,2025-09-12 08:09:37 -0400,1024,165,147,363,240,81,42,3
047e6cf218f83b7ce170441738e7cf751c1a8e45,2025-09-12 08:20:27 -0400,1028,165,147,365,240,81,44,3
1c8e96dc2b9c1a80aafbc98127bae2ff064c44a2,2025-09-12 20:32:56 -0700,1028,165,150,365,240,81,44,3
a5022931f9c69e1d6637d6e9692af094369c2fea,2025-09-13 18:58:26 -0700,1037,165,150,367,243,81,43,3
0d4d30b0b8f6d005875d84873cf16d20c6d3fdfd,2025-09-13 21:56:08 -0700,1037,165,151,367,243,81,43,3
999a5a813f63f5f5484a0bf6303f096880ddf87c,2025-09-14 00:17:33 -0700,1037,165,154,367,243,81,43,3
4025806f1b63d8b4967ebb3568b10300f69d0f1b,2025-09-14 15:44:15 +0200,1037,165,151,367,243,81,43,3
d4c0486e6ebbd19465e1d08eb5cb2bfc81379232,2025-09-14 09:54:56 -0400,1037,165,151,368,244,81,43,3
c30c8ea928809821c65dc161b91c227b1771a14b,2025-09-15 12:55:52 -0400,1037,165,150,368,243,82,43,3
7b5a6c3d60278940a09db44e6af464c8f3a82c69,2025-09-15 19:37:58 -0400,1048,165,154,373,245,85,43,3
424577b87b2c8ea3cc97f08eaa6c30161be77200,2025-09-15 19:52:52 -0700,1048,165,157,373,245,85,43,3
085d11c14d6fced142c29bf458672c238ec74eff,2025-09-16 08:26:02 +0000,1048,166,154,373,245,85,43,3
b42ddd8158e1c75b8fd9f25edb9931f7e08cac74,2025-09-16 16:50:31 -0400,1048,166,157,373,245,85,43,3
2307dbecd788b72d4fa42d3406de48a7fae8cab2,2025-09-16 16:59:21 -0400,1048,166,157,374,246,85,43,3
09aee24e67c1617556ce4d4da10210cb43d486ca,2025-09-18 07:16:47 +0000,1048,167,157,374,246,85,43,3
6e50651458ee6482c4abfec2a90a6bd5c45fc419,2025-09-18 15:37:57 +0000,1048,168,157,374,246,85,43,3
0a83d89ea1828cb3188ca31e870142bc4248a5e0,2025-09-20 05:28:20 -0700,1048,168,158,374,246,85,43,3
c2c9dccc59b7166243e418ae57de189ba7506774,2025-09-20 16:27:45 +0100,1048,168,159,374,246,85,43,3
94aee77079908cac94adb9733db0b3a073d4849a,2025-09-21 12:46:16 -0700,1048,168,160,374,246,85,43,3
000ec9ac54d21171157eee6d1ede7e8a0ce02640,2025-09-22 07:29:24 -0700,1048,168,160,375,246,86,43,3
7e00a1243eafbaa298fe3c5930f67fe78b583740,2025-09-22 10:58:28 -0700,1048,168,161,375,246,86,43,3
3ec97a614763550915058a2a927df4b4c124abe3,2025-09-22 11:43:57 -0700,1048,168,160,374,246,85,43,3
b6306c67f5a012642e5267d3e755635c4876121c,2025-09-23 07:38:47 -0700,1048,168,163,375,246,86,43,3
e673d2065e9a5f0f51e5cbbb69078193267bbb35,2025-09-23 17:45:37 +0000,1048,169,163,375,246,86,43,3
7c7682db370de3c3cba0361d40adfda89afda397,2025-09-24 09:19:30 +0000,1048,170,163,375,246,86,43,3
7436f1c9e1b59e3b5e13f7d82a47f4ea0fafd29a,2025-09-24 02:45:31 -0700,1048,170,164,375,246,86,43,3
2bf1255a1a73c0ba4a622e044a136f9175cb9342,2025-09-24 12:55:37 -0700,1048,170,165,375,246,86,43,3
b9b265c89c821332099aef738c1e9936189301f8,2025-09-25 07:11:53 +0000,1048,171,165,375,246,86,43,3
72af3f93c948a2abfb4f55f3d11f9cc2ed5d8624,2025-09-25 07:29:00 +0000,1048,172,165,375,246,86,43,3
7cf6305ad84d6305ab3cc3491b2644bb243e8d0e,2025-09-25 07:30:06 +0000,1048,173,165,375,246,86,43,3
8b1971c0fa93260f56aa4ad12d5cdb5be5b0544e,2025-09-25 15:14:58 +0000,1048,174,165,375,246,86,43,3
f2a58fd21f2662e44843b1a22abafaa884bd52cd,2025-09-25 20:27:24 +0000,1048,175,165,375,246,86,43,3
45c9f9f22ca6b385ce86c6609583f0d8ea7f61c9,2025-09-26 00:16:38 -0700,1048,175,172,375,246,86,43,3
ad665d8aab0e70a4825fdabdbcf93ad631ed9478,2025-09-26 08:19:51 -0700,1048,175,173,375,246,86,43,3
580dd353879482b010ef7f155a4272b5416f5ea1,2025-09-26 18:41:38 -0700,1048,175,174,375,246,86,43,3
ae30b29738c5983cc492cf853a3713ed06c3d8ac,2025-09-26 18:53:42 -0700,1048,175,175,375,246,86,43,3
e96dd161208852b3cb5e68ab73e1ae34c9aa8d01,2025-09-28 09:44:07 -0700,1048,175,175,376,246,87,43,3
92deaf20d596071b48c13041942e3fda7b9e4c03,2025-09-28 09:56:41 -0700,1062,175,179,377,247,87,43,3
61e1eceedf050f76f6220b30a61357d42ef5d4ae,2025-09-28 18:20:56 +0100,1062,175,180,377,247,87,43,3
573eda210715066340a9f9d0c1a1809dff054060,2025-09-28 18:24:32 +0100,1062,175,181,377,247,87,43,3
fa878c8d1013840731d1e348778aaf1451b5f796,2025-09-28 18:29:08 +0100,1062,175,182,377,247,87,43,3
032d23400573161335cc42a3dfe774339212aa4a,2025-09-28 11:55:23 -0700,1062,175,182,378,248,87,43,3
80997e1aca9ed789f3d2b3a245f50e71b0cec856,2025-09-28 12:19:50 -0700,1062,175,183,378,248,87,43,3
c4d3cb979c0f6a0bcbc451993d88bfcf2d6b6120,2025-09-28 13:11:34 -0700,1062,175,184,378,248,87,43,3
d07b38bfbaabbf306de8021a5459d6b927632d4c,2025-09-29 10:29:34 +0000,1062,176,184,378,248,87,43,3
0b857ebc8c724be4d0106f825b6b203a2a1ffcea,2025-09-29 10:48:57 -0400,1062,176,185,378,248,87,43,3
a6a7ffc821f4402327655481f7e5b6b88707b59c,2025-09-29 17:14:30 +0000,1062,177,185,378,248,87,43,3
32a5f23f5e7853212770b95cc248e865180c9873,2025-09-29 19:34:02 -0700,1062,177,185,379,249,87,43,3
6da7146ee659342de91afdb5c0fb1ead663504d4,2025-09-30 11:49:55 +0000,1062,178,185,379,249,87,43,3
fb1b68d1c06e5e8c648e568be21ba023eaefd8d7,2025-10-01 10:01:29 -0700,1062,178,186,379,249,87,43,3
feabf0ca8d96d182f4d07421d5d98f39b8c261c6,2025-10-01 11:29:05 -0700,1048,174,165,374,246,86,42,3
789059dd25b931831980743a8cf8ce6980c83bb2,2025-10-01 11:33:23 -0700,1068,178,185,378,249,87,42,3
7a268d187f92aea972950bb2965f6d182a08b199,2025-10-01 23:25:34 +0300,1068,178,186,378,249,87,42,3
d38d34090bbe4f39942eefed8f23ad1b8ccefe4e,2025-10-01 22:42:38 -0700,1068,178,186,382,253,87,42,3
23c52a88af62b6f90f2202a2f18ae8530d6187a4,2025-10-02 06:49:49 +0000,1068,179,186,382,253,87,42,3
c7a214e5009e34515639e25bf0bad29d06025ee9,2025-10-02 15:37:07 -0700,1068,179,187,382,253,87,42,3
a9e7825828b2bcf4e7ee88e8a9ba697a297a90ce,2025-10-03 14:09:08 +0000,1068,180,187,382,253,87,42,3
7606a6d951d668c23c78febb6bbf1fc6d0adcf2e,2025-10-03 14:31:45 +0000,1068,181,187,382,253,87,42,3
4450445556f0ce2d19d8b6cd463dc9085b911d63,2025-10-03 22:10:04 -0500,1068,181,188,382,253,87,42,3
daf84e24a09cd42d708d56b3780d744c3d4f8494,2025-10-05 15:00:23 +0100,1076,181,190,383,253,87,43,3
39df8e67ce106ceea4a810a371495020ee0f43b6,2025-10-06 10:01:54 +0000,1076,182,190,383,253,87,43,3
8cd728275431b8bedc2839ad56c7bf8be81e9afe,2025-10-06 10:04:56 +0000,1076,183,190,383,253,87,43,3
07e052d5a78f39d90d5d22063b607c053f69e615,2025-10-06 21:13:00 -0500,1076,183,191,383,253,87,43,3
f959cd92a76d12943115a3226bc1f1f358dd7013,2025-10-06 21:43:38 -0700,1076,183,196,383,253,87,43,3
c70bc9926bb3a84c25751efa46ef6447ce39eb3b,2025-10-06 23:25:35 -0700,1080,183,196,384,254,87,43,3
0fbd7f670f69080b3eac88aa7bf2eb517b3ecbe9,2025-10-07 04:25:59 -0500,1080,183,197,384,254,87,43,3
e2aec621f6bd38bbbbc8d8a8ddb0d2593bda7947,2025-10-07 18:06:58 -0700,1080,183,198,384,254,87,43,3
ab4fbf0331046324b787a9d3a96588571b18ecb6,2025-10-07 22:52:14 -0500,1080,183,201,384,254,87,43,3
fc8bc0cd80d12a8be44021d5dc8229580f139bc5,2025-10-07 23:44:29 -0500,1080,183,202,384,254,87,43,3
0a8937b83e64b0859b1361c64fed1dffcb643ec8,2025-10-08 21:25:00 -0500,1080,183,204,384,254,87,43,3
c23d5b017165229520a248ff77e4a3b53cfb4611,2025-10-08 21:40:40 -0500,1080,183,203,384,254,87,43,3
69e8e85576ffea7f637fc83c575d6a6c37e04d68,2025-10-08 23:43:12 -0500,1080,183,204,384,254,87,43,3
7a8522bd0e4875c86bcae1259353c3d6e7449aaa,2025-10-10 08:31:02 +0000,1080,184,206,384,254,87,43,3
70d15486788abb55289bf542ea0326d6d43289d0,2025-10-10 22:22:20 -0700,1080,184,207,384,254,87,43,3
36c933b2c25f90bcb5c86efa394db83be8c1a82b,2025-10-11 11:02:32 +0000,1080,185,207,384,254,87,43,3
41587bab868b51cd6822fcc0ea11a55dc1f2e6ad,2025-10-11 08:20:11 -0700,1080,185,207,385,254,88,43,3
a384c7ab9e3279e2b928eff3523349b9df972958,2025-10-11 17:10:05 -0700,1080,185,208,385,254,88,43,3
1b1ac6b8d4e240e08c35e4102bc709cae363efa0,2025-10-12 03:49:18 -0400,1080,185,210,385,254,88,43,3
97e779a664d49b209450ec639bb87fdae3963e67,2025-10-12 08:46:02 -0700,1080,185,211,385,254,88,43,3
f9502bad032dce9a572f1824923e5d0336a5606b,2025-10-12 08:56:22 -0700,1080,185,211,387,255,89,43,3
cede208e3b5c2123497641c962cc3fc1e2b32a48,2025-10-12 11:52:33 -0700,1080,185,212,387,255,89,43,3
bc6f5678e936e0b8153422b33554a2a53f05c0a3,2025-10-13 13:01:57 +0000,1080,186,211,387,255,89,43,3
b99ca5a2f377a542531ecf10781aced4933869d4,2025-10-13 14:01:40 +0000,1080,187,211,387,255,89,43,3
076b014ceb40e4eacee15ef0de68e783ce31d1c1,2025-10-14 10:43:47 +0300,1080,187,213,387,255,89,43,3
98cc54d66577ff4cf346a4cecaa83c6aaab83861,2025-10-14 09:47:03 +0000,1080,188,212,387,255,89,43,3
cefb34827790a75af729c7d16c53d6c44ec51c0a,2025-10-14 14:29:20 +0000,1080,189,212,387,255,89,43,3
2b5bce4617fa80d369561d37049ba24b07dae0c2,2025-10-14 08:22:22 -0700,1081,189,213,394,255,90,49,3
0109c727e81132872d34305db72bbeef8487f1e5,2025-10-14 08:25:59 -0700,1081,189,213,394,259,90,45,3
a11e6447f5d8bc06818a87a6af3bfa3d5f449c84,2025-10-14 23:02:36 -0500,1081,189,214,394,259,90,45,3
967f06de2c0fcbe7e60d7420be44ac9e454d5adb,2025-10-15 12:00:18 +0000,1081,190,213,394,259,90,45,3
93325cca3a337588d52c5b024865e34735dabe5f,2025-10-15 19:36:09 -0700,1081,190,215,394,259,90,45,3
599fec08cb857536d04f0122ca50fa797973f7bb,2025-10-16 12:07:47 +0000,1081,191,215,394,259,90,45,3
6c63c40c8e659485c9cb44269265c3cba649f4d4,2025-10-17 11:27:15 +0300,1081,191,216,394,259,90,45,3
ca26cc7bd6889f2c7239eb610261ebe105a8c650,2025-10-17 11:49:28 +0000,1081,192,215,394,259,90,45,3
ebb47603b6d0974ab8e1821feeb75f6105bdeb5c,2025-10-17 15:22:42 +0000,1081,193,218,394,259,90,45,3
70fa3a4bb955f9507f21d8cac4722c292f0166b1,2025-10-17 10:05:48 -0700,1090,193,218,394,259,90,45,3
957a4eba5fadf908f34743528a7027f63315f940,2025-10-17 20:41:06 -0700,1092,193,218,394,259,90,45,3
6247df4a48cf146c037bdc778746bb45fa6cecc0,2025-10-17 20:42:37 -0700,1092,193,218,395,259,91,45,3
b5ee0d2d4cc66aec85cb2fe5b260019b4e327fbd,2025-10-18 02:09:01 -0400,1092,193,219,395,259,91,45,3
fa91ac600d56b796089704946f18d4431e3fc561,2025-10-18 07:50:37 -0700,1098,193,222,396,260,91,45,3
3e46dac522bad8f8a043f34380bf7a879bcbea2a,2025-10-18 09:46:09 -0700,1098,193,223,396,260,91,45,3
01ab6287f8c1742c01e50a2637fdcaf0768ba405,2025-10-18 21:46:10 +0200,1098,193,225,396,260,91,45,3
33cb02242d3071a0df0d8d445812d0feabd0928a,2025-10-18 23:33:38 -0400,1098,193,224,396,260,91,45,3
7c8fed3fe0f893d84576770ce7e063bc3ee47863,2025-10-19 07:59:34 +0100,1098,193,226,397,259,91,47,3
edf95d9e04ce96b39cb89612da1308783d3500ac,2025-10-19 03:20:10 -0400,1098,193,227,396,260,91,45,3
3200a352ae0d79811a92e2145693fb05e460818c,2025-10-19 08:11:44 -0700,1098,193,227,397,259,91,47,3
f480e3982092fde63093e88e3c8eafd4a944108f,2025-10-19 08:13:53 -0700,1098,193,227,398,261,92,45,3
51ed39589f290cb3aed8e6439eabf621044515b7,2025-10-19 08:24:54 -0700,1098,193,227,397,260,92,45,3
4316265c7d22b902f4ad43c8b484a70fa52eb249,2025-10-19 12:57:18 -0700,1103,193,227,398,261,92,45,3
b786a09b28be73a774758bf149c3b74ea7a111ab,2025-10-20 10:55:42 +0000,1103,194,227,398,261,92,45,3
ff7af08dc1fbe40b0a422ca4b9f76bc48d3eb01a,2025-10-20 19:54:11 -0500,1103,194,228,398,261,92,45,3
cc862c220f0212b5370a14e55f00bf4344ea5007,2025-10-20 21:29:10 -0700,1103,194,229,398,261,92,45,3
437d2d9e3376e8544e6ba3ace0d6b48293d2a147,2025-10-21 08:26:44 +0000,1103,195,229,398,261,92,45,3
18bd240d4331bd08d5dfef075d9ed310576e8b05,2025-10-21 09:39:23 +0000,1103,196,229,398,261,92,45,3
e3944990c3f2c54ba24acef4f0168eafa9e2ba22,2025-10-21 13:18:41 +0000,1103,197,229,398,261,92,45,3
178082e20b59344553bf12d3d378078b07ebbdb0,2025-10-21 19:10:10 -0700,1103,197,229,399,261,93,45,4
10dbd6e92d39c2209d31a682b37eb0b4b1de7d8e,2025-10-22 10:25:36 -0700,1103,197,230,399,261,93,45,4
110734fe188da22decc78f672fbb5d490ea34fc5,2025-10-23 12:20:27 -0700,1103,197,230,400,262,93,45,4
881d5c3a62a5d387126e2b6c924c92eb7eac0186,2025-10-23 18:46:25 -0700,1103,197,231,400,262,93,45,4
754127a048025e31a3c03831eb37571317a51c44,2025-10-24 12:50:37 +0000,1103,198,231,400,262,93,45,4
ede3231b8dbf6cee9ee7ebce2a00a68031c3a712,2025-10-24 19:52:24 +0000,1103,199,231,400,262,93,45,4
f21134650be93446dde895a0c060824d154fd18a,2025-10-25 07:49:38 -0700,1103,199,231,402,262,95,45,4
b92f7f78bcf0ce7bb4befa105f37dda78c6ff4a9,2025-10-26 18:01:59 -0700,1104,199,231,402,262,95,45,4
e24ffab661c19c45a5e4ef2796ca3cf238b5bc17,2025-10-26 22:07:32 -0700,1104,199,232,402,262,95,45,4
0705729bc2b41794ae18605898f207a0187c498b,2025-10-26 22:32:08 -0700,1104,199,233,402,262,95,45,4
07dbcbd161a5e2cd8ea8a5a2596f7ee8b7e4e975,2025-10-27 11:18:24 +0300,1104,199,234,402,262,95,45,4
ca6649f565fe0375759d37a8cb39dc435c24d9b4,2025-10-28 08:26:08 +0000,1104,199,234,404,262,95,47,4
c2a7dab27762fb0b5847afb876d9895997d8cd3d,2025-10-28 08:14:02 -0700,1104,199,234,403,261,96,46,4
dcb9b795b965c29da496ffd8f10c38168fbe924e,2025-10-28 10:09:41 -0700,1104,199,235,403,261,96,46,4
60504cdb3dc9a93fdd01eeebcc1c39cb3e74589e,2025-10-28 18:01:48 -0700,1104,199,236,403,261,96,46,4
6858587cef80e9a715444f9d56ca7f248c19e98d,2025-10-28 22:23:34 -0400,1104,199,237,403,261,96,46,4
8929ec3d26adc422c45fe109330ccb46fbe82800,2025-10-29 11:25:46 -0400,1104,199,238,403,261,96,46,4
5e186a69c2073260dc9dce7cb2d8793d0b145892,2025-10-29 17:54:41 -0700,1104,199,239,403,261,96,46,4
5d432bd23a0b1ee41310096ad7aba61b8d92861d,2025-10-31 07:52:50 -0700,1104,199,239,407,264,96,47,4
0c349de2b93b5baddc44103a4cd79ce78ad9d2b1,2025-10-31 07:54:04 -0700,1105,199,239,407,264,96,47,4
f25579e823a40a7dc7b5b339dd25b37aa4d5f103,2025-10-31 12:27:13 -0700,1105,199,240,407,264,96,47,4
3ba22f3c1c7fbe44a60c0ca2a91413387e501880,2025-10-31 16:48:17 -0700,1105,199,241,407,264,96,47,4
dd667d69b76f148bc6c2f6b7d86eb297c4d6d3ed,2025-11-02 14:23:57 +0000,1105,200,241,407,264,96,47,4
44bb515fd4d9a9ee76f6bff09fb3934aa5554cc9,2025-11-02 14:51:37 +0000,1105,201,241,407,264,96,47,4
dfee90d4fa1fec0398962fada462f8f5d0bbe6bb,2025-11-02 15:33:29 -0800,1105,201,242,407,264,96,47,4
8878ae369fe9d43f47954f027eb5a4dc4b765b14,2025-11-03 09:07:46 -0800,1105,201,242,408,264,97,47,4
14aae181405de870784f9d8a9f7a605813743c9d,2025-11-04 11:57:23 +0000,1105,202,242,408,264,97,47,4
98a29881c8b1535c17a8a577d1e39aa5fc1f101f,2025-11-04 07:34:56 -0800,1105,202,243,408,264,97,47,4
fc5b54455a1e6f8bbf91169f053ac21032446b6e,2025-11-04 16:36:47 -0800,1105,202,244,408,264,97,47,5
a951e45c8b660b416e41cdb1a04a79b877e9a7f1,2025-11-04 21:18:05 -0600,1105,202,245,408,264,97,47,5
5f1e4b72bcfe531e18155d45d4b9296d8b5acf75,2025-11-04 20:12:51 -0800,1105,202,246,408,264,97,47,5
611aef4b0b7260d07d92429a05983a86a18ddaa1,2025-11-06 02:16:02 -0500,1105,202,247,408,264,97,47,5
50b961d28b62ac7046647c9f19fc05961cc4ab64,2025-11-06 10:37:14 +0000,1105,203,246,408,264,97,47,5
bfeee064471d89ced57d3cb997e8232d583ee058,2025-11-07 16:14:03 -0600,1105,203,248,408,264,97,47,5
204dcaa24a4767b5480a14a35837abf798d1d91c,2025-11-08 20:23:32 -0600,1105,203,250,408,264,97,47,5
0e55e1fb8e8b49f215457e4c2e6e7074497eb994,2025-11-09 01:12:21 -0500,1105,203,251,408,264,97,47,5
98cebec85f35eeaa2e56830f4d72230d4a505a96,2025-11-11 11:06:43 +0000,1105,204,251,408,264,97,47,5
66795b6deef8cbc483ec29b93e3d1f0374bb7ac3,2025-11-11 11:37:11 +0000,1105,205,251,408,264,97,47,5
71b9fbc535df70ae3a39646d2daca498755fe5f0,2025-11-11 10:32:11 -0800,1105,205,252,408,264,97,47,5
fcf0be778a65db4b0de206d84187fa8624632454,2025-11-12 08:33:00 +0000,1105,206,252,408,264,97,47,5
1a402bca220daee3485ceb435400ef7fe3954629,2025-11-12 08:38:02 +0000,1105,208,252,408,264,97,47,5
c96303ac066d7628c9d3b2c9b426826cb4bc5a47,2025-11-12 09:19:54 +0000,1105,209,252,408,264,97,47,5
e44c6e87266fc1ded5f3034ce0395ea183c9a42a,2025-11-12 09:56:54 +0000,1105,210,252,408,264,97,47,5
a951a5519947dd9ccac0db6c1119ca90ecf755fc,2025-11-13 15:13:13 +0000,1105,211,252,408,264,97,47,5
96747be83d548adbee978f9f0c6013b698c11599,2025-11-13 16:58:23 +0000,1105,212,252,408,264,97,47,5
2312034eb0c7a87b3806cfe55a0861869c06bbdd,2025-11-13 17:03:16 +0000,1105,213,252,408,264,97,47,5
2bfb008886111dcc100d41f5f9db16f496aae1b8,2025-11-13 17:40:18 +0000,1105,214,252,408,264,97,47,5
2baa53ad05bfb9e2f64362faca2570d95762b4ad,2025-11-13 20:19:22 +0000,1105,215,252,408,264,97,47,5
d37187738e3f533eb4b14a8e162a76c5516c6784,2025-11-15 11:13:14 -0800,1105,215,253,408,264,97,47,5
355ad5d5c450d30cd179fc6aec6039b929a90881,2025-11-15 17:07:10 -0800,1105,215,254,408,264,97,47,5
2ddd47927251516a844cd0f9a7bed3fd089c1083,2025-11-16 10:16:21 -0800,1105,215,255,408,264,97,47,5
4c7d51edcde34d22b33018bba73c50443fd6f634,2025-11-16 12:48:05 -0800,1105,215,255,409,264,98,47,5
9decff59a84c87b996e756537e479f7fa8ea5c5b,2025-11-17 08:23:53 -0800,1105,215,256,409,264,98,47,5
edfce2fbf7634f4eb43148ab2df8633b0aa8168b,2025-11-17 08:32:20 -0800,1108,215,256,409,264,98,47,5
acb4ea004bebbd6117f77aeabe66791a4e1c546a,2025-11-17 11:34:36 -0800,1108,215,257,409,264,98,47,5
c9ed77d3268a6410b8c4a15c24e88986698b6967,2025-11-18 22:38:12 +0000,1108,216,257,409,264,98,47,6
c986753b6ec846aca1f0e93062aa1e2b1dad0bc2,2025-11-19 15:51:44 +0000,1108,217,257,409,264,98,47,6
e16cf71a52255177a2119d7c1eb95999467e3a1c,2025-11-20 08:21:24 +0300,1108,217,258,409,264,98,47,6
a32a312b18f61deab3314924ebf7f4545992e001,2025-11-21 12:38:41 +0000,1108,218,258,409,264,98,47,6
9842183a5c448a09c009bb6ab1982259ed1ce3e2,2025-11-21 13:21:52 +0000,1108,219,258,409,264,98,47,6
83067cfa824b0664c74350771f7f863d64c6fe57,2025-11-21 13:51:35 +0000,1108,220,258,409,264,98,47,6
0ea0399efba432d3552774856f023fb41b614bce,2025-11-21 14:35:09 +0000,1108,221,258,409,264,98,47,6
5b9e753c97d3db9d2a5e34745d6805bef118edd0,2025-11-21 14:59:51 +0000,1108,222,258,409,264,98,47,6
2ad074833b6164468f723f1eae50c5d6b9265baa,2025-11-21 08:54:20 -0800,1108,222,258,410,265,98,47,6
566b16832fe31b576ce358f063d46b177d2a55b3,2025-11-21 18:44:10 +0000,1108,223,258,410,265,98,47,6
b6c44157946b90be9ee289a126f076e952acb881,2025-11-21 21:24:15 +0000,1108,224,258,410,265,98,47,6
4f5c4fb42363c5a739fc4919dc73cafd2d9d5376,2025-11-24 08:45:04 +0000,1108,225,258,410,265,98,47,9
57ea7fc1ed0ca18dfedb767f6df06d6371557b40,2025-11-24 10:38:24 +0000,1108,226,258,410,265,98,47,9
5931086860dc24cee7abf8ba8ccf20c26641f822,2025-11-24 11:11:50 +0000,1108,227,258,410,265,98,47,9
1244d016d359e3604a60bcfa4957b949e2de05b1,2025-11-24 15:44:07 -0800,1108,227,259,410,265,98,47,11
bf4d345f50d073a17fa4c18acef92ed6dbcabc8a,2025-11-25 11:34:30 +0000,1108,228,259,410,265,98,47,11
d6bc5aa997e7dcfbc3203840daecbef6cdb1b381,2025-11-25 12:56:09 +0000,1108,229,259,410,265,98,47,11
06f16357129420f0c1ab658f949a90931ae05ca3,2025-11-25 13:05:24 +0000,1108,230,259,410,265,98,47,11
74f7b34db7586cb02de4bf17740970fa27aa5cca,2025-11-25 13:51:36 +0000,1108,231,259,410,265,98,47,11
ba6f3bb43c3e7d190169d1bb59f80e9403be0e6a,2025-11-25 21:41:49 +0000,1108,232,259,410,265,98,47,11
7185d28a397826d5e28ef9183d075ee3cb0e0295,2025-11-25 22:16:20 +0000,1108,233,259,410,265,98,47,11
00cc22ad58a905f480e28f031c7431e1c59efb2e,2025-11-26 12:34:16 +0000,1108,234,259,410,265,98,47,12
d8e776939058050ed84d1ffd96fabcbd902ddd9e,2025-11-27 07:22:00 +0000,1108,235,259,410,265,98,47,13
396edc8884bd0ec874a3844bf657b493b72903b7,2025-11-27 08:42:12 +0000,1108,236,259,410,265,98,47,13
7fc13c516d2692bb915d57f64b5492596476a820,2025-11-27 08:43:54 +0000,1108,237,259,410,265,98,47,13
6548216dda86baceb3af8c2b74b9330cf78ca390,2025-11-27 12:30:44 +0000,1108,238,259,410,265,98,47,13
dbef3ce991344618f28e84ee2a8c6f27572e8209,2025-11-27 13:10:48 +0000,1108,239,259,410,265,98,47,13
ac6012ada1dad05475c7a67bacea9c70c4b14dc2,2025-11-28 11:51:30 +0000,1108,240,259,410,265,98,47,14
807120a527fd43dcf5870c5b8972c0392adaa2df,2025-11-28 11:26:41 -0500,1108,240,260,410,265,98,47,14
705b8a1b6e2b410eb215aca61ca5b94714923405,2025-11-28 21:19:57 +0000,1108,241,259,410,265,98,47,15
c64874525134b77b3a5a9d02ba0181c373613917,2025-11-29 11:13:17 -0800,1108,241,260,410,265,98,47,16
a7aed2ecd63472ff19ec60255d3025ec486bee6a,2025-12-01 14:00:33 +0000,1108,241,260,411,266,98,47,17
45f91aada136b45d237a60bed9cac2be3161c76a,2025-12-01 14:15:24 +0000,1108,241,260,410,266,97,47,16
b099232763190001bc1eaa5d392722e7307f997e,2025-12-02 20:53:11 +0000,1108,241,260,413,268,97,48,16
dbd4af8a3b22ba3a4da08ba33a5970d074eb9950,2025-12-03 06:45:29 +0000,1108,241,261,413,268,97,48,16
d96b3e71ec152d6348517d89490e62a386d9325e,2025-12-03 16:06:44 +0000,1109,241,261,413,268,97,48,16
8941ade2f39562e3e1878da934ad6838260198ba,2025-12-04 11:08:48 +0000,1109,242,261,413,268,97,48,16
bc54e2fdddcc6c06ed27b4b82bdfadbad007c1e4,2025-12-04 12:52:44 +0000,1109,243,261,413,268,97,48,16
c2bf37d4dbeb8d40298d54007069847304a4fd7b,2025-12-04 17:50:14 +0000,1109,243,261,413,268,97,48,17
286b1a6135c4de6fa5b2323513ede58d7b06f41c,2025-12-05 18:22:55 +0000,1109,243,261,414,269,97,48,17
51994b885ad33bf0466e3db97c9158ab0d3730fc,2025-12-05 18:25:20 +0000,1109,243,261,415,270,97,48,17
ad3348c4d4508b64bbc9d6c1b0ebf790a9f22e7b,2025-12-07 18:40:16 +0000,1111,243,261,415,270,97,48,17
6e36b3f6a7dadb0a8bd3ad1e8eb559d2195e189a,2025-12-07 21:38:06 +0000,1111,245,261,415,270,97,48,17
f79ad32bce6ebed1d6bf9e704cc8ef2a2b3eecc3,2025-12-08 16:00:57 +0000,1111,245,261,414,269,97,48,17
2b567dd1d134d284d718a355ee5f47645ae45ca7,2025-12-08 22:37:24 +0000,1111,245,261,415,269,97,49,17
eda31b5be8771e3cfb6add813d39f0f0653943b3,2025-12-09 06:02:49 +0000,1111,245,261,415,269,97,49,18
1eca2a6b2739b816bc86b8e83e43ed515e215bc0,2025-12-09 15:49:57 +0000,1111,246,261,415,269,97,49,18
df521972263b546d4140506e2874b4755eaa8e52,2025-12-09 16:18:38 +0000,1111,248,261,415,269,97,49,18
475c1fc406a3e83fa0c26e6c37018a0ac219c32b,2025-12-09 18:35:36 +0000,1111,249,261,415,269,97,49,18
239dc08d93cd4565b122b7bccdc05394772899e6,2025-12-09 18:49:24 +0000,1111,249,262,415,269,97,49,18
38c1a5e805f241fd136c6b62db3ab7ff88cf7899,2025-12-10 11:27:43 +0000,1111,250,262,415,269,97,49,18
467afae8e3973ac2555285cd7e2ebe4a59ba0764,2025-12-10 11:50:12 +0000,1111,251,262,415,269,97,49,18
ad537b4764a897e5ed80287d28fe2adb392aee63,2025-12-10 13:50:42 +0000,1111,252,262,415,269,97,49,18
76f778d9b0ceca422f59fb17cd8c8b048c11c1d6,2025-12-10 14:08:04 +0000,1111,253,262,415,269,97,49,18
eeb3d6b9f969681ae0c25ac27ed6fd4e87f9bf64,2025-12-10 14:10:49 +0000,1111,254,262,415,269,97,49,18
a9086979f087acaf96e003f34db82356cb557341,2025-12-10 14:12:31 +0000,1111,255,262,415,269,97,49,18
99fd1adfa2c58f04851743fe3e4227ebed611b1c,2025-12-10 15:54:11 +0000,1111,256,262,415,269,97,49,18
524c07126111f41d7d42847e7d37040507bfec0b,2025-12-10 18:11:44 +0000,1111,256,262,415,269,97,49,19
d8bb2c3c1eb62e89471612776b29fdd0d5252bcb,2025-12-10 18:16:48 +0000,1111,257,262,415,269,97,49,19
d305da303f0fe5ef6ec2b50b7260c31bedd267e4,2025-12-11 08:10:13 +0000,1111,258,262,415,269,97,49,19
3b3be5d4b34a92f094d6cb8d12ee51390bc3d736,2025-12-11 13:37:52 +0000,1111,259,262,415,269,97,49,19
880697c4d7488da1775e041969c33965cf1ff3d1,2025-12-11 14:57:09 +0000,1111,260,262,415,269,97,49,19
11c1230e5582a6f34717f7b909c4ab1ba9bedd8f,2025-12-12 12:19:50 +0000,1111,261,262,415,269,97,49,19
f757f985d6b4d46d9a5dad5ef3de3b581630168f,2025-12-12 15:58:41 +0000,1111,261,262,414,269,97,48,20
06fdb2152ac5bc37352c721262a75b843fa15597,2025-12-12 14:39:00 -0800,1111,261,262,415,269,97,49,20,690
29d3e66b51011e34a529e1ffab8919b8761c54de,2025-12-12 22:39:35 +0000,1111,261,262,415,269,97,49,20,690
03a0f7a1f70843abe892899e7688144b4a4d13e8,2025-12-13 00:30:03 +0000,1111,261,262,419,271,97,51,20,692
7119c3e33106ee98d6cd23cbf8b885c5adf73bf3,2025-12-13 00:57:21 +0000,1111,261,262,419,271,97,51,20,692
e6c3bca2f1011b93b6d094493765d50b7a61489a,2025-12-13 07:00:34 +0000,1111,261,262,419,271,97,51,20,692
86912cf7786889674031d2a9aa1713a7abe8f9d0,2025-12-13 07:26:26 +0000,1111,261,262,419,271,97,51,20,692
c3cf968f9ba732e413307f8ba5e213e11e81352f,2025-12-13 10:24:01 +0000,1111,261,262,419,271,97,51,20,692
d92c6514aa40c7c735df566eb5d0ba4533f8e071,2025-12-13 10:24:26 +0000,1111,261,262,419,271,97,51,20,692
1b6d624db17d860abfea886257ead0104403eb84,2025-12-13 10:24:56 +0000,1111,261,262,419,271,97,51,20,692
1fed4b2f97ce58cad376097b9d2b7e3ee52ff525,2025-12-13 10:25:15 +0000,1111,261,262,419,271,97,51,20,692
3f92e70778ca55ebe468f45557c9e1546759abab,2025-12-13 16:49:30 +0000,1111,262,262,419,271,97,51,20,692
ad13648fea10ed8212be02d30d2679ea4e8671ee,2025-12-13 19:04:02 +0000,1111,262,262,419,271,97,51,20,692
f3a95264750661869143bbddfacbd0471b05f27a,2025-12-14 16:11:19 +0000,1111,262,263,419,271,97,51,20,692
9e6637f8622475ff6f365d1a430dc63c31c2fedf,2025-12-14 16:12:45 +0000,1111,262,263,419,271,97,51,20,692
b6db97414e4c77a7391823542e220270aa798117,2025-12-14 16:13:58 +0000,1111,262,264,419,271,97,51,20,692
7dba971a00e32373a57a6d46d503912d11d24256,2025-12-14 16:16:00 +0000,1111,262,264,420,271,97,52,20,691
9c55ca720f36b3f8f537ad38707940b18a456cc6,2025-12-14 23:02:47 +0000,1111,262,264,420,271,97,52,20,691
9ba7b75191ecd2a194370ca5782d413f507045fa,2025-12-15 03:43:23 +0000,1111,262,264,420,271,97,52,20,691
6129471cde0c3d04e483ba1b6d8ef11d70c0e647,2025-12-15 05:07:06 +0000,1111,262,264,420,271,97,52,20,691
77f0d98c6210e7b8644af157db0074a83cdda8b8,2025-12-15 10:27:17 +0000,1111,262,264,420,271,97,52,20,691
1692a00ca1d4725b9dc640d6503d2cf36af58f99,2025-12-15 10:58:22 +0000,1111,262,264,420,271,97,52,20,691
927d6e1114bbc10de0c27152c7761240adfe404e,2025-12-16 14:09:55 +0000,1111,262,264,420,271,97,52,20,691
625081a0ccd8361cf2368b2bef0c535a992e493b,2025-12-17 13:08:14 +0000,1111,263,264,420,271,97,52,20,691
5028befee546a211ebcd1c0fc3ff062868cbd2e5,2025-12-17 13:13:43 +0000,1111,264,264,420,271,97,52,20,691
db22aef4c93b2236c44eb0332332a0a46d95f72b,2025-12-17 17:21:36 +0000,1111,265,264,420,271,97,52,20,691
09b8b83e92f85df2bd9dbc03de527414ad49f476,2025-12-18 11:22:31 +0000,1111,265,264,420,271,97,52,20,691
634f4b814bb97dad6d6d635d326f24030c271a31,2025-12-19 01:58:37 +0000,1111,265,264,420,271,97,52,20,691
6d283199692fb7ca94a7e70107bc28da274c46de,2025-12-19 02:00:28 +0000,1111,265,265,420,271,97,52,20,691
751e5728d6fbdef424f65ade12764271e12001ba,2025-12-19 02:01:26 +0000,1111,265,266,420,271,97,52,20,691
ee533da470eb16074ce73c6dd4aedff9df96d17d,2025-12-19 16:27:12 +0000,1111,265,266,420,271,97,52,21,691
162714448d3f6e7d5319130406a99eccde4c3f6e,2025-12-19 22:31:04 +0000,1111,265,266,421,271,98,52,21,690
18f83bf66433db8ca302b439ad9e61975a31a23a,2025-12-19 23:27:08 +0000,1111,265,266,421,271,98,52,22,690
11dd4a08639230ff5e9aeae5b155a5a332024c8c,2025-12-20 14:37:46 +0000,1111,266,266,421,271,98,52,22,690
1d8d7b67ac2a132b8e64b01d942da3b3286894fb,2025-12-20 20:52:54 +0000,1111,267,266,421,271,98,52,22,690
a9b57e80f7bc5015000d262588beaf03a34d5686,2025-12-20 21:38:58 +0000,1111,268,266,421,271,98,52,22,690
e8383f0d01d4e37652699b72b5bed733adc57853,2025-12-20 22:33:00 +0000,1111,269,266,421,271,98,52,22,690
23b0ec3f7b0aa8855ff3f30e1040a57f77e34c7b,2025-12-21 00:48:12 +0000,1111,269,266,422,272,98,52,22,689
7631ad28e1b79163af62d39fd34147a933b55c70,2025-12-21 16:33:57 +0000,1111,269,266,422,272,98,52,22,689
9a17344b4164e63de8729bc48825d6a86fa46ebe,2025-12-21 16:36:18 +0000,1111,269,266,422,272,98,52,23,689
9b7d73119adaeef2e3408f146deb853908b01c9d,2025-12-22 17:23:37 +0000,1111,269,267,422,272,98,52,23,689
7ca3ebcc0763dfdf876c7e434a8298e7028e75e0,2025-12-22 17:56:16 +0000,1111,269,267,422,272,98,52,23,689
f1bf225458538687da213e40fd279fa3bb7e4161,2025-12-22 18:18:18 +0000,1111,269,267,422,272,98,52,23,689
8ec5954ecb3cb8d9efd8251cd8995a212dbe1500,2025-12-22 21:17:10 +0000,1111,270,267,422,272,98,52,23,689
1828f6ef7ad8ff98bf74637f6c1f7e635c7bd25e,2025-12-23 10:33:50 +0000,1111,270,267,422,272,98,52,23,689
699ea772c551db83b2079b77623835ae8db13927,2025-12-23 10:50:20 +0000,1111,270,267,422,272,98,52,23,689
37524cc55b9c5ff2eeb3d96adbd5692a6c1c44db,2025-12-23 21:18:48 +0000,1111,270,267,422,272,98,52,23,689
2ccc744a51c2ae6474c7b423538de148062e7284,2025-12-24 08:48:59 +0000,1111,271,267,422,272,98,52,23,689
27a200f79265253769b0acb8df55396bd0b40043,2025-12-25 17:26:09 +0000,1111,271,269,422,272,98,52,23,689
37b0b544eea025d516a510bece376f85f900e5a8,2025-12-25 17:35:20 +0000,1111,271,269,423,272,99,52,24,688
f185e4fada88e1b7505d1eb6b64e3b91d4bd526e,2025-12-26 13:24:05 +0000,1111,272,269,423,272,99,52,24,688
88c851b65589ef9550c403eae722c391ce155889,2025-12-26 21:42:30 +0000,1110,272,269,423,272,99,52,24,687
2457ee0d8e9490d77fbe844783df387da76c116d,2025-12-26 21:45:36 +0000,1110,272,269,423,272,99,52,24,687
61544776d084f37c056567cbcb4f19afbe509f62,2025-12-26 21:48:07 +0000,1110,272,269,424,272,100,52,24,686
b5b5a65167fdd9f4b7290d7d1856d44def0b71c9,2025-12-27 04:38:16 +0000,1111,272,269,424,272,100,52,25,687
d6f8854316b8da6d12185205d47da3d29146621e,2025-12-27 04:59:41 +0000,1111,272,269,425,273,100,52,25,686
f315da8240c582c2ba1e95f4c25a6a475ff4a2ea,2025-12-27 15:35:29 +0000,1111,272,269,425,273,100,52,26,686
5ae5aee5a4024ecf4af3c01cc5e4f465b189a751,2025-12-27 15:36:36 +0000,1111,272,269,425,273,100,52,27,686
3519da18aed82256655fef9f30d05647dc9d2286,2025-12-27 17:16:40 +0000,1111,272,269,426,273,100,53,27,685
3940682f870ab33e0e0e65b05577fa11cc2df4da,2025-12-28 06:32:44 +0000,1111,272,269,426,273,100,53,30,685
8a0b8fb60a25061d11d036d36b1f74921b00f339,2025-12-28 11:36:09 +0000,1111,273,269,426,273,100,53,30,685
9dcc58baafbc399f1f896de485b18b1dfcb380a5,2025-12-28 15:29:00 +0000,1111,273,270,426,273,100,53,30,685
bcce9ed46574e3e30e39b006639234544da7b0e6,2025-12-28 15:39:33 +0000,1113,273,271,426,273,100,53,32,687
54b0a7d1db7fa6868e820b78e1c39c938ba055cc,2025-12-28 15:59:52 +0000,1113,273,271,426,273,100,53,33,687
414054f2b75b9f5a8051d24e63e91f2ba1c40d54,2025-12-28 17:53:31 +0000,1113,273,271,427,274,100,53,33,686
00eabc007274c834c0da96306488fb85234f0432,2025-12-28 19:27:05 +0000,1113,273,271,428,274,100,54,33,685
f6933b5eefb9ed8ec1c24f833e8ecf974d27336b,2025-12-29 07:57:32 +0000,1120,273,271,432,274,101,57,32,688
57dab5edb17c5634e6f232282baeb6561bfb10b2,2025-12-29 13:29:59 +0000,1120,274,271,432,274,101,57,32,688
44c7115abbcfc16c30eb224103cdbad68758feb1,2025-12-29 15:54:12 +0000,1120,275,271,432,274,101,57,32,688
17f02eabeb4349d5558bc830f2e4274dfd7b1f65,2025-12-29 16:57:14 +0000,1120,276,271,432,274,101,57,32,688
3a954945a152a53ce1030a2af233969776f40341,2025-12-29 17:02:08 +0000,1120,276,272,432,274,101,57,35,688
3572d1211b7663e173e0056b79412060edf14ad3,2025-12-29 17:05:14 +0000,1120,276,272,432,274,101,57,36,688
1efca8f73f86cb2122ac18475235d70774382b33,2025-12-29 18:23:15 +0000,1120,276,272,432,274,101,57,36,688
0265296a18c6b9d9fdfb43dd88111e59e219bbab,2025-12-29 19:40:43 +0000,1120,276,272,432,274,101,57,36,688
29010b12e98b89f301863d99e0d83b0156c1a680,2025-12-29 23:48:34 +0000,1120,276,273,432,274,101,57,36,688
f9f123c2d122cf8f9050580b19ee9bf537deedf2,2025-12-30 09:50:37 +0000,1120,276,273,432,274,101,57,36,688
457e5c054a6d0f856287be8510f3b7bd6127b86a,2025-12-30 09:51:34 +0000,1120,277,273,432,274,101,57,36,688
6701d7d09ef69e41247774fe60008c6e80ba4cf9,2025-12-30 10:19:12 +0000,1120,278,273,432,274,101,57,36,688
2ce111a8b8ef5d18ba8600842659383da7bcc216,2025-12-30 13:40:16 +0000,1120,278,273,432,274,101,57,36,688
d1a1dcdbced37dbaa830b48a1ded4a2469968f14,2025-12-30 14:07:44 +0000,1120,278,273,432,274,101,57,36,688
b72728a1c90b857b24f526771192f9b381498649,2025-12-30 14:12:15 +0000,1120,278,273,432,274,101,57,36,688
bd65a2f69208bccd133b51c441483482f90fd681,2025-12-30 16:26:14 +0000,1128,278,273,437,278,102,57,36,691
59b500bb4aa43434ed603c3626be02060504fec9,2025-12-30 17:32:37 +0000,1128,279,273,437,278,102,57,36,691
144b186cc4b187ce2a1c0fa4e3ad6f84e33322bd,2025-12-30 18:09:13 +0000,1128,280,273,437,278,102,57,36,691
3aaafdf4005051d45817e5aee268e7855f088645,2025-12-30 20:27:13 +0000,1128,281,273,437,278,102,57,36,691
223c3ad75dfe06dfbe676bc74e05d9723653c7f8,2025-12-30 22:07:39 +0000,1128,281,273,437,278,102,57,36,691
d340c7f6e5dba17ad98e9835bfed0cc1e5cb24a6,2025-12-31 02:34:45 +0000,1128,281,273,437,278,102,57,36,691
5271e464dfaaad41a8a081ae1365133dd67c8633,2025-12-31 07:33:24 +0000,1128,281,273,439,278,102,59,37,689
d23db0b9a514a594a41baef8ed1b9770f93f3f0d,2025-12-31 11:01:46 +0000,1128,281,273,439,278,102,59,37,689
cc8ef5464133e18ed377de1f7ff0f705634cee36,2025-12-31 12:50:23 +0000,1128,282,273,439,278,102,59,37,689
4bb502f392b103397e6e0c6e6f25db6ecbd79c46,2025-12-31 14:14:42 +0000,1128,282,274,439,278,102,59,38,689
c88be23fd9d0d435cc0f403b5b27c9f6f58a51b7,2025-12-31 21:13:18 +0000,1128,283,274,439,278,102,59,38,689
5c7355cf5e7251499a80d0561a4aa7e08bdbce15,2026-01-01 08:47:57 +0000,1128,283,274,439,278,102,59,38,689
226a978a4bfff8a42298036b67ac68c7b67731cb,2026-01-01 09:12:20 +0000,1128,284,274,439,278,102,59,38,689
550d5da69d3d3711b4c17855f2434b4257543997,2026-01-01 17:17:25 +0000,1128,284,274,440,278,102,60,38,688
06eee672859b136ab7308b6a3a34f2bd17079bef,2026-01-01 17:37:18 +0000,1128,284,274,440,278,102,60,38,688
41e4af644bde74216c4efa90b9e0ff9d4c679f9b,2026-01-01 19:39:57 +0000,1128,285,274,440,278,102,60,38,688
6e481585572597ff9773ae3592bf3278bd39d43e,2026-01-02 03:34:34 +0000,1133,285,274,440,278,102,60,38,693
fef8be737cf2495aea202a195fd53a477a5022a7,2026-01-02 09:03:29 +0000,1133,286,274,440,278,102,60,38,693
ab2f4d478624720f0e7113601994aa3aef2c8631,2026-01-02 15:40:23 +0000,1133,287,274,440,278,102,60,38,693
6cb111a3c2af2e27d7394dcb2883a5004e502204,2026-01-02 15:41:15 +0000,1133,287,274,440,278,102,60,38,693
32c43b4296487e7d7288a6a7fcf31a65395bc059,2026-01-02 17:42:46 +0000,1133,287,275,440,278,102,60,38,693
6891ac937e55ed25bb206484232d6ae35a8d6ff7,2026-01-02 20:56:30 +0000,1133,287,275,441,278,103,60,38,692
95f9d306dcba5bfa3ba7868962e56057ea2358e3,2026-01-03 17:15:45 +0000,1133,289,275,441,278,103,60,38,692
8c2760e1dd4ab909aa9b238c131f29edf42e7c77,2026-01-03 17:17:35 +0000,1133,290,275,441,278,103,60,38,692
8232db13151d456083085dc2c430a80cc8d44b51,2026-01-03 21:10:22 +0000,1133,291,275,441,278,103,60,38,692
e00319626ede2137648a2f653cd9df50ccd89cda,2026-01-04 07:04:18 +0000,1133,292,275,441,278,103,60,38,692
1af9c35902e0a9b5e1757731c0337556f83d29da,2026-01-04 08:36:39 +0000,1133,293,275,441,278,103,60,38,692
951dba27bffe4e2554f48361bab6b40a92af1298,2026-01-04 18:28:49 +0000,1133,294,275,441,278,103,60,38,692
65beac777691fa148f816ef0e06d37a0538289b0,2026-01-05 10:27:02 +0000,1133,294,275,441,278,103,60,38,692
aee337d276b5d3203743b6cb3993345508572229,2026-01-05 10:36:49 +0000,1133,294,275,441,278,103,60,38,692
5e23f55c31f1c86f6ae89cafdd2a6e7ccd290904,2026-01-05 12:59:35 +0000,1133,295,275,441,278,103,60,38,692
49a8472900412586789a3db3955a1582f29ce56a,2026-01-05 14:22:31 +0000,1133,296,275,441,278,103,60,38,692
5f62748932737d2801df0fe56384c0f5a77d575c,2026-01-05 15:50:39 +0000,1133,296,275,442,278,104,60,39,691
6ee895f9b8f8d68af9d8eedb5dc2b552d56b4aaa,2026-01-05 15:59:15 +0000,1133,296,275,442,278,104,60,39,691
ecf7d74668f59b4343b0a1217316d6dbd2ff23c4,2026-01-05 22:02:22 +0000,1133,296,275,442,278,104,60,39,691
71d59c536666701a1fd45928c6249223195e12e1,2026-01-06 05:53:21 +0000,1133,296,275,443,279,104,60,40,690
85b677636996b635c418c86af2f10f5ca85ddfc8,2026-01-06 07:19:07 +0000,1133,296,275,443,279,104,60,40,690
fad82695de8fb744a0b3ba2bc5b16ba44c61bc3e,2026-01-06 07:26:07 +0000,1133,296,275,443,279,104,60,40,690
2c31ed503babe26afbaca79bc5cc1569bb0a9492,2026-01-06 11:39:49 +0000,1133,296,275,443,279,104,60,40,690
0753eae82200e3b858d9a16ab547ea00d5376ec6,2026-01-06 11:42:13 +0000,1133,297,275,443,279,104,60,40,690
0d20129253ea2e94888f5b2c5535d5d975daa719,2026-01-06 12:13:20 +0000,1133,297,275,443,279,104,60,40,690
8f8e2345515ae82c8037c5ecb6dd5baa900a24af,2026-01-06 13:44:34 +0000,1133,297,275,443,279,104,60,40,690
dbcfae06ac83b7f8da32819033a127b1d03410af,2026-01-06 14:53:45 +0000,1133,297,275,443,279,104,60,40,690
c200140fa5fd13924dedac676cf09ba7fac68cb6,2026-01-06 16:00:03 +0000,1133,297,275,443,279,104,60,40,690
9ac510ad4ae48bd4ece636c25d77e0cf5c0783d0,2026-01-06 17:49:40 +0000,1133,297,275,443,279,104,60,40,690
de0d1a973d1d42ffb344ef99f5e5d17a5c3e3a36,2026-01-06 18:15:29 +0000,1133,298,275,443,279,104,60,40,690
536c80611900bfa3657281f1170b3c1ee41e0be7,2026-01-06 21:20:03 +0000,1133,299,275,443,279,104,60,40,690
4680a1d5365a69a53bb706f673a96ad6b2a160fd,2026-01-07 07:51:48 +0000,1133,299,275,443,279,104,60,40,690
17ee0ca03436667e830793ce76ab45a9ecfb0221,2026-01-07 08:02:15 +0000,1133,299,275,443,279,104,60,40,690
dd0e00154bd615cb4bfa83f6cedfeeacefe9f38b,2026-01-07 08:30:02 +0000,1133,300,275,443,279,104,60,40,690
6f3b2985b6018e50e2d18b99e72f476918451c1b,2026-01-07 08:51:06 +0000,1133,300,275,443,279,104,60,40,690
588049e24c799db849b5a08a8a525c9ef84248a7,2026-01-07 10:41:07 +0000,1133,300,275,443,279,104,60,40,690
83a30d8325d1164b20451d6a8d27a9d508d0d19a,2026-01-07 10:47:10 +0000,1133,301,275,443,279,104,60,40,690
2662ab9ca552ad6f849aca066b49891a1c9dddd9,2026-01-07 10:56:26 +0000,1133,301,275,443,279,104,60,40,690
a4e12524f76f6e5a58ade8cf90c57a07ee25eb2a,2026-01-07 11:06:38 +0000,1133,301,275,443,279,104,60,40,690
3f06ce814db5b0e0e12b7d5fb80d926884950047,2026-01-07 11:08:27 +0000,1133,301,275,443,279,104,60,40,690
78460f08b5fbaeef415075eec5188dc395c549d0,2026-01-07 11:37:29 +0000,1133,301,275,443,279,104,60,40,690
12499333801afebca59c314face75dfaba9d5880,2026-01-07 11:40:43 +0000,1133,301,275,443,279,104,60,40,690
daa12c7d7751fe3776c397851058dbe32ac86483,2026-01-07 11:47:31 +0000,1133,301,275,443,279,104,60,40,690
55d704cbf5c9c274a96e675dcfdba52ad088041e,2026-01-07 11:52:35 +0000,1133,301,275,443,279,104,60,40,690
e33710f54384d3608bcf57470656ca49d401aa86,2026-01-07 11:52:48 +0000,1133,301,275,443,279,104,60,40,690
58d15aa2cfd01dba59303a89c378c9da5cd1aa83,2026-01-07 11:54:18 +0000,1133,302,275,443,279,104,60,40,690
6084e491eb6c4f48a5e1ca453378706030bdf9d6,2026-01-07 12:45:18 +0000,1133,302,275,443,279,104,60,40,690
6a7d1d880c57ec5429dab7fcd1fbad7e3a81ca73,2026-01-07 13:00:57 +0000,1133,302,275,443,279,104,60,40,690
a69bc01adf2a7b9301bbd506b60ca307daedfa6a,2026-01-07 13:01:19 +0000,1133,302,275,443,279,104,60,40,690
e513bae5f7d012e5504d6bd669b5430930c1bde6,2026-01-07 18:27:34 +0000,1133,302,275,443,279,104,60,40,690
5062f7baa0c9e6b07c1e9e0d4c20ba3568b81150,2026-01-08 00:52:45 +0000,1133,302,278,443,279,104,60,40,690
7030aef1eddb8fe0fde9d870cb2fd54064acee1b,2026-01-08 00:53:18 +0000,1133,302,279,443,279,104,60,40,690
9494584295b12f7fff3aa90bea4581206a8c6de8,2026-01-08 02:57:22 +0000,1133,302,279,443,279,104,60,41,690
9d8b90beb1226101d98b999702d7df351018bc2f,2026-01-08 05:39:31 +0000,1133,303,279,443,279,104,60,41,690
c3c6f5a8c58d51bc49a2db5dc45256ba2276898e,2026-01-08 05:56:12 +0000,1133,303,279,443,279,104,60,41,690
df2729ed91ebf43d684812fa4f24f47afe7056e1,2026-01-08 08:26:22 +0000,1133,303,279,443,279,104,60,41,690
ed0a6b9e3ac03e1ff2ed4a5473f98a0c9d072324,2026-01-08 09:56:07 +0000,1133,304,279,443,279,104,60,41,690
3d0bf86ebc054f19a4922a38b673ec6003849ba6,2026-01-08 11:46:24 +0000,1133,304,279,443,279,104,60,41,690
0870e7f253bfe31826d5059f5f9bf6bec44f24c7,2026-01-08 13:45:19 +0000,1133,304,279,443,279,104,60,41,690
5f921cf6be7346597a94859798ab594c3510ab99,2026-01-08 16:36:55 +0000,1133,305,279,443,279,104,60,41,690
5da9e47b6213e19d7e9bb78353ac80326407211e,2026-01-08 16:46:05 +0000,1133,306,279,443,279,104,60,41,690
8a9556d3b8c05022cdc9caae81a7631cce34e457,2026-01-08 17:13:06 +0000,1133,306,279,443,279,104,60,41,690
664dbc572c8e613c9c7b72091d8665354d9c59f2,2026-01-08 17:59:42 +0000,1133,306,279,443,279,104,60,42,690
4a3dce92ebd2b97d566c96af237d6da6ddac432b,2026-01-08 18:02:09 +0000,1133,306,280,443,279,104,60,42,690
09a7354e7b86f3e1ce786599990f36c8fd2ddda7,2026-01-09 08:24:46 +0000,1133,307,280,443,279,104,60,42,690
bf886dc48c5a4b04864575447c38def5a897e6dc,2026-01-09 12:08:22 +0000,1133,307,280,443,279,104,60,42,690
bdb9a5b1544a48a16a961e0af05f2a944d059f8d,2026-01-09 14:04:23 +0000,1133,307,280,443,279,104,60,42,690
d9c8c9ad4a0a48adfd352e22e86e0ee255df6e56,2026-01-09 14:41:11 +0000,1133,307,280,443,279,104,60,42,690
35f2849631412b6a648e55a9f4c9e10dc012f1f9,2026-01-09 15:23:25 +0000,1133,307,280,443,279,104,60,42,690
2e2a4de2b65e756546c2e519063261d1721892c2,2026-01-09 17:50:14 +0000,1133,307,280,443,279,104,60,42,690
ada2dfb2e00da95d233ba8e37edf097d15a6e50e,2026-01-09 18:54:51 +0000,1133,307,280,443,279,104,60,42,690
a0bf85515e34167b979e3b3d85e4ac8ec7acc009,2026-01-09 18:56:21 +0000,1133,307,280,443,279,104,60,42,690
968985e9bb92a84cbb6f9cfe5e02502caa2a3343,2026-01-09 18:56:46 +0000,1133,307,280,443,279,104,60,42,690
06b95e9ec1c1154fd1912d723fb0858ecb061971,2026-01-09 19:10:17 +0000,1133,307,280,443,279,104,60,42,690
497f5dde1e9f49c6e51ceeb80f5bdc920954df27,2026-01-09 19:59:09 +0000,1133,308,280,443,279,104,60,42,690
b5852f6fc8606f8cba7a0914feb4195ccdc13db3,2026-01-10 17:16:11 +0000,1133,308,280,443,279,104,60,42,690
56ca7af2bd26fdd5d6149e6f2c0b3c72cb5e2909,2026-01-10 18:13:14 +0000,1133,308,280,444,280,104,60,43,689
fc1ab21ac680def0d2481466a2e1806f56fd098e,2026-01-10 20:29:40 +0000,1133,308,280,444,280,104,60,43,689
83a286f9dd3bc4bfeb6f7eb5f800625181499f47,2026-01-10 21:36:50 +0000,1133,308,281,444,280,104,60,43,689
5c198b840b18e789510981ca6bf528e7f4bb7a90,2026-01-11 01:03:20 +0000,1133,308,281,445,280,105,60,44,688
1324f91d013f00851ca738a70b5ee3e4a1f84f90,2026-01-11 04:29:38 +0000,1133,308,281,446,280,106,60,44,687
1e1f34f4f403ad8b532f2dd76983646d1681e0da,2026-01-11 04:41:52 +0000,1133,308,281,446,280,106,60,45,687
20494fa3b99021c8456bff52fe2690183bfa9e99,2026-01-11 14:25:33 +0000,1133,308,281,446,280,106,60,45,687
58864b6f34b70ab78db1785911b31bd6fc85cb7d,2026-01-11 14:27:53 +0000,1133,309,281,446,280,106,60,45,687
fb8c7f34f13dcb3a545b45376c1370740484e71f,2026-01-11 14:37:46 +0000,1133,309,281,446,280,106,60,45,687
e85952ec179a6d507cb181bce249f82492d5426e,2026-01-11 16:27:01 +0000,1135,309,281,447,280,107,60,45,688
ab3ea69698abd0012a99e5db96ec9a233c682c64,2026-01-11 17:01:03 +0000,1135,309,281,447,280,107,60,45,688
373763acdf28ae5a17c069861484e5d82c202a5a,2026-01-11 19:19:06 +0000,1135,310,281,447,280,107,60,45,688
1b34803a0358c2dd54854d15988641ed00c624f6,2026-01-11 20:11:29 +0000,1135,310,281,448,281,107,60,46,687
c73f6f9d3ff61f7bfbb466b7cb0d42c420b2765b,2026-01-11 21:46:09 +0000,1135,311,281,448,281,107,60,46,687
b81dda10fd0ab1b2dac81c5e2726f33adb9cf15b,2026-01-11 22:38:13 +0000,1135,311,282,448,281,107,60,46,687
5a1a380027a0593ae4f24ff46605b7e908a7e63e,2026-01-12 12:58:14 +0000,1135,311,282,448,281,107,60,46,687
8a9584ca89e918f52f05b933b043f190cf4f2b80,2026-01-12 13:38:43 +0000,1135,312,282,448,281,107,60,46,687
6cc1fec5952aae10af9a2094e1a639fc0febc715,2026-01-12 13:53:53 +0000,1135,313,282,448,281,107,60,46,687
d651e16265a9062771ff61a19548b08845946c40,2026-01-12 14:17:59 +0000,1135,314,282,448,281,107,60,46,687
5e5a224b198256a076cad84e9b06e2c695ee8a6b,2026-01-12 14:27:12 +0000,1135,315,282,448,281,107,60,46,687
5a8dded229c89dd663f011fc8bc82bf223c2103d,2026-01-12 14:41:15 +0000,1135,316,282,448,281,107,60,46,687
eb456012f0a342ec5b1ef1910f3abd97dd46c97b,2026-01-12 16:58:48 +0000,1135,317,282,448,281,107,60,46,687
f9eb64ea72c9c6b3b3ac2ca91065d21b4c6d8fc2,2026-01-12 17:11:34 +0000,1135,317,282,448,281,107,60,46,687
e0d7eaea2a008c23b3a918465552b85490418e2b,2026-01-12 22:45:05 +0000,1135,317,282,448,281,107,60,46,687
5174c3288a9d125714dbee41e0f23ed3eca5d785,2026-01-13 03:16:23 +0000,1135,317,282,449,282,107,60,46,686
3241c5bf4af9a8437aceed5af5298deb2aff1d14,2026-01-13 08:01:38 +0000,1135,318,282,449,282,107,60,46,686
5a4e5d88069dfe1679a80ae0837307b13a5a4080,2026-01-13 12:38:07 +0000,1135,318,282,449,282,107,60,46,686
c74f2f2a08b159d28229eb7242b7f87b968176aa,2026-01-13 14:07:16 +0000,1135,319,282,449,282,107,60,46,686
95fe645288162962c99c79728a2787d3d5e71861,2026-01-13 20:57:08 +0000,1135,320,282,449,282,107,60,46,686
cb1d19ee3f0ca98f79e1520fd631673c118abd4b,2026-01-13 21:15:51 +0000,1135,320,282,449,282,107,60,46,686
51f255bccc5d44499d1fe97ba0cc6dc181002215,2026-01-14 02:23:29 +0000,1135,320,282,449,282,107,60,46,686
c91ee136e4ebf00c93f022da71b460665f9dd501,2026-01-14 03:52:25 +0000,1135,320,282,450,282,108,60,46,685
103596212ccb0a96c9539565b38cf093a5c7ef22,2026-01-14 16:03:58 +0000,1135,321,282,450,282,108,60,46,685
8faff969d651bab00d3929c4e06a743842bd1325,2026-01-14 16:10:54 +0000,1135,321,282,450,282,108,60,47,685
0dd6cfc5d4c7a3ef63fc973b91137945317dc938,2026-01-14 16:13:09 +0000,1135,321,282,450,282,108,60,47,685
8658b4e9e6bf4aa84362ee434755f17fcd9e310b,2026-01-14 16:32:13 +0000,1135,321,282,450,282,108,60,47,685
30758e791a8677d962443fdacf553af8eaf0fdd4,2026-01-14 16:59:29 +0000,1135,321,282,451,283,108,60,47,684
4d9f580fadf81d9279070ce4d71fbd8364c915b9,2026-01-14 17:09:40 +0000,1135,321,282,451,283,108,60,47,684
a9f81b3f036b0c8024a04c014f7df00603836d5c,2026-01-14 17:11:54 +0000,1135,322,282,451,283,108,60,47,684
6dea3bc63a2ac8bd84c38d342a6d785835797ac0,2026-01-14 17:20:54 +0000,1135,322,282,451,282,108,61,47,684
de216a6b54074d981b4ce31a7546f80f12463fd0,2026-01-14 18:02:42 +0000,1135,322,282,451,282,108,61,48,684
d5404147524f9558a067d6ae1ebb237b9a130953,2026-01-14 19:07:23 +0000,1135,322,282,451,282,108,61,48,684
1f9fa511d3b74516ca8656738dcd899429c2b71c,2026-01-14 21:24:32 +0000,1135,322,282,451,282,108,61,48,684
b67aafd874c4822b1aeb22a6a84abad01870dff6,2026-01-14 21:37:31 +0000,1135,323,282,451,282,108,61,48,684
f020f86d29e51a9b5ef80991747bb3684ebc127e,2026-01-14 22:04:55 +0000,1135,323,282,451,282,108,61,48,684
41f0a52ca5e2675943312488aaa0bce5b638e66b,2026-01-15 06:32:41 +0000,1135,323,282,451,282,108,61,49,684
5b5becbcc73486fde06a6c6e8f5da08575241ec0,2026-01-15 09:53:38 +0000,1135,323,282,451,282,108,61,49,684
71326d966a7d0f8f95e584549b5862acdd201526,2026-01-15 10:13:19 +0000,1135,324,282,451,282,108,61,49,684
6b56854999f0c94c113ecf161bfa41da2dc3fb5d,2026-01-15 16:22:21 +0000,1135,324,282,451,282,108,61,49,684
d6273d9722ce226e012a746a3dcc9f48913981f1,2026-01-15 18:05:53 +0000,1135,324,283,451,282,108,61,49,684
bf317778f2082003ea53d01b86763da27426faa8,2026-01-15 19:13:49 +0000,1135,324,283,451,282,108,61,49,684
f6a7229a8df11c840849247536037ffa817e4eea,2026-01-15 19:16:29 +0000,1135,324,283,451,282,108,61,49,684
e1e36e42b74c645f048f361a1a5803ed364db8fb,2026-01-16 07:56:08 +0000,1135,324,283,451,282,108,61,49,684
ed27a4ebd72b20438266c96a8711c57bd19cb05f,2026-01-16 08:42:11 +0000,1135,324,283,451,282,108,61,49,684
b280cf9fb7527aecc5b248cc13cb2e887e93da91,2026-01-16 09:32:57 +0000,1135,324,283,452,283,108,61,49,683
4f200edfbdcf35c70034d052c73ee873bee13fbc,2026-01-16 11:17:45 +0000,1135,324,283,452,283,108,61,49,683
648455112850ff814f2488bbb04f1f21b6ff09f0,2026-01-16 14:55:37 +0000,1135,324,283,452,283,108,61,49,683
1654fd7e1be9d1090cfa75f0a069b9904ebf7da1,2026-01-16 15:37:50 +0000,1135,324,284,452,283,108,61,49,683
cf2bf09d3fbdca8e54343278058a115c8f8c3822,2026-01-16 15:39:35 +0000,1135,324,284,452,283,108,61,50,683
79f48ee6beb2529b0b474e1eb5aff0e375c72d1d,2026-01-16 21:58:54 +0000,1135,324,285,452,283,108,61,50,683
896cb77bb341b38a091fbbdf7ec021e3a166d1f7,2026-01-16 22:13:20 +0000,1135,324,285,452,283,108,61,51,683
914804dc851449d45782dafb8262ae71165f18e6,2026-01-17 08:30:05 +0000,1135,324,285,452,283,108,61,51,683
8c60f42d9cf2e468273bc3a5b25caff8f8b350ee,2026-01-17 14:54:19 +0000,1135,324,285,455,286,108,61,51,680
c811f1ba6aeefa7e5e0d2f4f0e5c7bf67a17df4b,2026-01-17 16:10:03 +0000,1135,324,285,456,287,108,61,51,679
e61a742645523ee17fa91b78f8e147db70754a1d,2026-01-17 19:19:29 +0000,1135,324,285,456,287,108,61,52,679
89c75b78728a790372f55b5a8b201b35fcfa8072,2026-01-17 19:30:20 +0000,1135,324,285,456,287,108,61,52,679
b5fda5361747a3b5877f482dc5ef829aecaffe97,2026-01-17 19:37:45 +0000,1135,325,285,456,287,108,61,52,679
97ddbcaa0bb027da9f5ea24ec5207b04146ea505,2026-01-17 19:56:13 +0000,1135,325,285,456,287,108,61,52,679
7989ea05295165217a5627f9def5ac8ccd70ced6,2026-01-17 20:23:26 +0000,1135,325,285,456,287,108,61,52,679
4872cf5785401b941ade2e83279425a9a4dfb1d4,2026-01-17 20:33:51 +0000,1135,325,285,456,287,108,61,52,679
a3d2aeffa56fc3e3b578e45d9d97af1b36df7bc3,2026-01-17 20:47:16 +0000,1135,325,285,456,287,108,61,52,679
7889b6363c9a7b63367e698c1c3e6a645904a3fc,2026-01-17 22:05:41 +0000,1135,325,285,456,287,108,61,52,679
1298eb4eb8f2d574774da3e4113c2b64313adaf9,2026-01-17 22:08:30 +0000,1135,326,285,456,287,108,61,52,679
32abf62c974fab21e9c6098e125c48c5d3b8f9d3,2026-01-17 22:09:30 +0000,1135,327,285,456,287,108,61,52,679
aea83c1a60115867ceddfe0187204251aa1fe186,2026-01-17 22:51:01 +0000,1135,327,285,456,287,108,61,52,679
0a8a2b8a323dc63961994537b265ad534c6294b5,2026-01-18 00:40:01 +0000,1135,327,285,456,287,108,61,52,679
30cd3b8c841520b162d8399548e3b6d90f65b25b,2026-01-18 00:40:33 +0000,1135,327,285,457,288,108,61,52,678
b6b2b596dfbdec0b2df3513f3b4868e6f3a610e7,2026-01-18 06:13:35 +0000,1135,327,285,457,288,108,61,52,678
75500ff59c982a6b7ab333406ba5494719081bed,2026-01-18 06:49:17 +0000,1135,328,285,457,288,108,61,52,678
a0650a8a50c79df1bf050a813fb1bd8213bfa68c,2026-01-18 07:47:46 +0000,1135,328,285,457,288,108,61,52,678
ce7a0ff3b5e9b822bf4287d2696dbc37cf071cc4,2026-01-18 12:54:18 +0000,1135,329,285,457,288,108,61,52,678
11192637aaa4a52ad10b149cae612d0587922dc1,2026-01-18 14:11:21 +0000,1135,330,285,457,288,108,61,52,678
585e12f1f71fc47ce567ef0d187ccdd6e5bae110,2026-01-18 16:32:08 +0000,1135,330,285,457,288,108,61,52,678
cd6fb9a2771fef58d51c0f9e174d6f513b3cce87,2026-01-18 18:31:16 +0000,1135,331,285,457,288,108,61,52,678
307bb231d5f95924e680cf3e76aea0c6469796ba,2026-01-18 18:38:52 +0000,1135,332,285,457,288,108,61,52,678
25d5193714ac578d7a5ab85ab23bb26d2ea265d1,2026-01-18 19:10:06 +0000,1135,332,285,457,288,108,61,52,678
aaf7bae597e35f3c111dc230d8b9ff8d120c275e,2026-01-18 19:51:06 +0000,1135,332,285,457,288,108,61,52,678
bf64c328671b1315c5f546a939adab82d432b92f,2026-01-19 02:47:16 +0000,1135,332,285,457,288,108,61,53,678
e45f51cad38f7d6eae747edf51a446684e55d680,2026-01-19 09:02:26 +0000,1135,332,285,457,288,108,61,53,678
d6bb1b17b56dd9321f7114dbc14d856319a854c7,2026-01-19 10:03:45 +0000,1135,332,285,457,288,108,61,53,678
deb6d9ffc3ce933162b3a922a8f3c802fe921be3,2026-01-19 11:11:13 +0000,1135,332,285,457,288,108,61,53,678
5dcda7d2fb2d490cae87eda0e14c83b08a7975b5,2026-01-19 16:16:37 +0000,1135,332,285,458,288,109,61,53,677
660dfb841f6ef7ed776586a99c5dacd3717f0c5b,2026-01-19 16:17:11 +0000,1135,332,285,458,288,109,61,54,677
23059a4561332ec18ec157dbba2e9cb5a90c7d3f,2026-01-19 16:19:17 +0000,1135,332,285,458,288,109,61,55,677
8fc6a8a7e1c4c397fb2568972250c607d1d29b76,2026-01-19 16:25:12 +0000,1135,332,285,458,288,109,61,55,677
4bf7ee3fb8a1d5d5eb049292ebf6e35bee0d0e25,2026-01-19 17:28:14 +0000,1135,332,285,458,288,109,61,55,677
8310ae2243b19da64bba9baf6be1bae90c7968a9,2026-01-19 17:30:50 +0000,1135,332,285,458,288,109,61,55,677
54d656ba225b4ad25d80da3ebf92457a7723e41d,2026-01-19 18:53:26 +0000,1135,332,285,458,288,109,61,56,677
614f4c1d718339be91803f1c37a11a428da9a4ee,2026-01-19 23:57:07 +0000,1135,332,285,458,288,109,61,56,677
7122dbc02656e34b047a02623b10e88f8565aa0a,2026-01-20 07:13:02 +0000,1135,333,285,458,288,109,61,56,677
1534f55c51861c664fe630e366783b51c07df353,2026-01-20 07:52:31 +0000,1135,334,285,458,288,109,61,56,677
c67bc6af27c3507d125ecbfd7cd42104d8049fcf,2026-01-20 08:10:41 +0000,1135,335,285,458,288,109,61,56,677
9e8954b29ceb499828980754554cbe5195c03b9d,2026-01-20 08:39:08 +0000,1135,335,285,458,288,109,61,56,677
28ad6bc9b1f34da474d7017c38cddb6ff0741246,2026-01-20 10:25:14 +0000,1135,336,285,458,288,109,61,56,677
165ed61755552798bbb82c3549cf4d9495ee05ba,2026-01-20 13:22:21 +0000,1135,336,285,458,288,109,61,56,677
4a79c11b20b73f751d670762c24227dd9d5f4f77,2026-01-20 15:10:18 +0000,1135,337,285,458,288,109,61,56,677
168f2ab1442fd84088ba4f0ceec979851bfecbe9,2026-01-20 16:35:25 +0000,1135,337,285,458,288,109,61,56,677
2ab1fd8040edb1e6cd5717fa3ecdbe44dd947bba,2026-01-20 19:56:19 +0000,1135,337,285,458,288,109,61,57,677
4e537473da6d484332b4a6a8602e637596239d41,2026-01-21 01:08:36 +0000,1135,337,285,459,289,109,61,57,676
4930ce46db2a007d72d28f1b93e3fd5874cd2e8a,2026-01-21 03:06:04 +0000,1135,337,285,459,289,109,61,58,676
3df086db6fee0f95f89713b6da408f87fc565998,2026-01-21 07:52:56 +0000,1136,337,285,460,290,109,61,58,676
f88119ed3bb2210373a1af89352d2d99e739dab5,2026-01-21 08:00:40 +0000,1136,337,285,460,290,109,61,58,676
a86f2844d243b2290da13972881353fcc97b3841,2026-01-21 08:11:12 +0000,1136,337,285,460,290,109,61,58,676
efe82de87b5db82993f958798803aeda556f5c9a,2026-01-21 09:41:14 +0000,1136,337,285,460,290,109,61,58,676
f9dac91e7573069c5eb9c0effaf2e4a2352cc971,2026-01-21 11:03:30 +0000,1136,337,285,460,290,109,61,58,676
2ea3178edd2e18cddc3a3dc134985dfd73c7345f,2026-01-21 15:48:18 +0000,1136,337,285,460,290,109,61,58,676
a37efe459450027d63cff7c005595b0be8d04d32,2026-01-21 17:34:44 +0000,1136,337,285,460,290,109,61,59,676
fee6a28e68c4cc6a4b3e63e8b9deb860d7506795,2026-01-21 17:36:06 +0000,1136,337,285,460,290,109,61,60,676
ed63e2c4eb468e538d4d75f9106467f1da568c5c,2026-01-21 20:13:39 +0000,1136,337,285,460,290,109,61,60,676
8b075f73d63a4a729630c8f7119ef11a7efec0ff,2026-01-21 20:37:29 +0000,1136,337,285,460,290,109,61,60,676
6166b28823d58e37abcea6d994af30474781831c,2026-01-21 21:10:38 +0000,1136,337,285,460,290,109,61,60,676
4431b5de9a1f568463c5528e52df884ed5e3004e,2026-01-21 22:40:43 +0000,1136,337,285,461,291,109,61,61,675
449f37413b52a0e54b9e42e43f8af74314cba049,2026-01-22 07:13:43 +0000,1136,337,285,461,291,109,61,61,675
002caec108e0a5afae967599e95185663e6ef8c8,2026-01-22 08:28:46 +0000,1136,337,285,461,291,109,61,61,675
130d388488e31e5ba6f55d3cef19e895cd3cb01f,2026-01-22 09:08:16 +0000,1136,338,285,461,291,109,61,61,675
6c879305aff000eeed2c97e00b4c0b2f44eb9034,2026-01-22 09:11:33 +0000,1136,339,285,461,291,109,61,61,675
2612cd94b390a0a381d45f81ff5ee357f5e77fa5,2026-01-22 10:07:15 +0000,1136,340,285,461,291,109,61,61,675
9db00179d3c9ef17f9c1bc491a66bd94496546e4,2026-01-22 11:12:23 +0000,1136,340,285,461,291,109,61,61,675
d95432bb6e46c37c70ad0bee5e903a67e7aa4955,2026-01-22 16:07:16 +0000,1136,340,285,461,291,109,61,61,675
3fe8b37a2c46d7aa886488005efb4ae5348f1584,2026-01-22 16:51:02 +0000,1136,340,285,461,291,109,61,61,675
8caa1bccb1b387c638dc7c13fcf7917df253223b,2026-01-22 17:05:49 +0000,1136,341,285,461,291,109,61,61,675
09301e2727c42f41344e6896127e524fc945e0cc,2026-01-22 17:40:45 +0000,1136,341,285,461,291,109,61,61,675
618e3087eaecbefbfaae7405ea7612af0db2cf41,2026-01-22 18:29:15 +0000,1136,341,285,461,291,109,61,61,675
0961ec2982f1099693e4dd73395346e2de3c0536,2026-01-22 19:48:40 +0000,1136,341,285,461,291,109,61,61,675
b6e20b0523d469a8ff82acf39c60a3d6c026ceb8,2026-01-22 21:40:19 +0000,1136,341,285,461,291,109,61,61,675
33c34fece95663b78fcd7abe06740190e5ccff98,2026-01-23 07:15:32 +0000,1136,341,285,461,291,109,61,61,675
14d4cc0d150e618f2cf854a7e1d80621b80c9499,2026-01-23 15:39:25 +0000,1136,341,285,462,292,109,61,61,674
45e14ea824c3b34b15eeadaaa613917a2befcfcb,2026-01-23 15:44:04 +0000,1136,341,285,463,292,110,61,61,673
124fb0abff1dfbf379edce824862ae55ca3971b7,2026-01-23 15:55:28 +0000,1136,342,285,463,292,110,61,61,673
edb98ea616b3f2021eabdfd337283f6b3a79d725,2026-01-23 16:12:42 +0000,1136,342,285,463,292,110,61,61,673
6a64153f1d68039b72931e8fa77a195fb30cec36,2026-01-23 16:14:03 +0000,1136,342,285,463,292,110,61,61,673
87e57f458f2b56f9866692719e97f91ea0fcd9fc,2026-01-23 16:16:07 +0000,1136,343,285,463,292,110,61,61,673
bd22efc84ba86852a67ae147c49fdf871134efa9,2026-01-23 18:34:59 +0000,1136,343,285,463,292,110,61,61,673
0fb2bd90f13c11af02f791110ceb8724a1bccaf8,2026-01-23 18:59:15 +0000,1136,343,285,463,292,110,61,61,673
da20a6a0bf6d3f526e2b28ed97011924b8ce2b35,2026-01-24 03:34:09 +0000,1177,343,287,467,295,110,62,61,710
4899b2945d798a79b780f11afc08045e7a501fa5,2026-01-24 10:48:28 +0000,1177,343,287,467,295,110,62,61,710
ebe9613cb1faf58ec76e601b0d9da45f49968081,2026-01-24 12:46:40 +0000,1177,343,287,467,295,110,62,61,710
778bafe20955b0bacbd5cf173c135b906c13312a,2026-01-24 16:16:47 +0000,1177,343,287,467,295,110,62,61,710
31cb9614aa57f288976e0b1edc65f1b3bb32e61f,2026-01-24 16:24:53 +0000,1177,343,287,467,295,110,62,61,710
a2619d2506587f4d24d0fc32c16a54cf42cdd08c,2026-01-24 18:21:32 +0000,1177,343,288,467,295,110,62,61,710
d2ba2e89108b551600d3c69a8222d88981f60bbd,2026-01-24 18:45:29 +0000,1177,343,288,467,295,110,62,61,710
3c8a04eeb6d58db5e413ae28723935695265e72c,2026-01-24 19:01:57 +0000,1177,344,288,467,295,110,62,61,710
ddf0ea13e6642ec039cff88ff2d05025771f45ea,2026-01-25 06:09:52 +0000,1177,344,288,467,295,110,62,61,710
7f336c25990b8d155190f4e02fe434e7cc9aac1c,2026-01-25 06:11:00 +0000,1177,344,288,467,295,110,62,61,710
2da9adaf8223ae9e3e8d6046c85cb1047ddfc8ea,2026-01-25 06:22:30 +0000,1177,344,288,468,295,111,62,61,709
3ace8af42ac25c33a96017b2cbbcbbfe0ff88336,2026-01-25 07:47:35 +0000,1177,344,288,468,295,111,62,61,709
b8f3f07d25573ce957a4f14f09385e6320e01b64,2026-01-25 07:52:44 +0000,1177,345,288,468,295,111,62,61,709
e8c982bfaa9dfafeffaae6d8146adc1a35e14bf8,2026-01-25 09:46:58 +0000,1178,345,289,468,295,111,62,61,710
b8db1310ba8d17157792b4b799ebe9248eeb5d43,2026-01-25 13:15:36 +0000,1178,345,289,468,295,111,62,61,710
e1e8220f5ddde93acbeb08478e6cb31a5065f68f,2026-01-25 14:05:34 +0000,1178,345,289,468,295,111,62,61,710
3da7c21a87f055583be6654e7b064fdbe9556add,2026-01-25 14:15:39 +0000,1178,346,289,468,295,111,62,61,710
fe6d8689b076819263e0428b82082cba46b6f7fd,2026-01-25 15:07:24 +0000,1178,346,289,468,295,111,62,61,710
53ce70b10cdcb2835bcb6684636c0bc1f3162a7d,2026-01-26 06:31:18 +0000,1178,346,289,468,295,111,62,61,710
8b6563fa9905f6eb23e75e4dcfe9804152de553c,2026-01-26 07:42:14 +0000,1178,346,289,468,295,111,62,61,710
2c81b96e826b7782d3a0657c48fe7311912af816,2026-01-26 09:10:36 +0000,1178,346,289,469,295,111,63,61,709
c3038b2b1967675491a79a4eb7e860d2282ed0d9,2026-01-26 10:07:03 +0000,1178,347,289,469,295,111,63,61,709
d3c9c55b280ef2d172fac9d7bfcc595bd7705e52,2026-01-26 11:18:58 +0000,1178,347,289,469,295,111,63,61,709
0d2bc0f3fdaba8c187fd268f6d3f6a5c96fcb3d9,2026-01-26 12:59:49 +0000,1178,348,289,469,295,111,63,61,709
e6b6f38933dfadee92a10cf4b6735e638db923e4,2026-01-26 15:53:36 +0000,1178,348,289,470,296,111,63,61,708
15ac3be9d62ef1944a45f41497102e6a76a1bf65,2026-01-26 16:08:05 +0000,1178,348,289,469,295,111,63,61,709
fa94183c89c9e97647268486a40a843e34d8b77f,2026-01-26 16:24:32 +0000,1178,348,290,469,295,111,63,61,709
0235759825255f3c5a67faefb12b8f322bc51e94,2026-01-26 16:29:51 +0000,1178,349,290,469,295,111,63,61,709
a07d2233d6fd6008f6bc229a078a213f9b614894,2026-01-26 18:39:59 +0000,1179,349,290,470,296,111,63,61,709
d5e294529a3155d23f79a7aff486f170283ea608,2026-01-26 22:41:51 +0000,1179,350,290,470,296,111,63,61,709
2afcb36a18bf9b5284c3cc81c7e6339871e4842b,2026-01-26 22:48:14 +0000,1179,350,290,470,296,111,63,61,709
6f402707a18679ba85eaf250fc3bc63e5451343b,2026-01-27 04:18:09 +0000,1179,350,290,470,296,111,63,61,709
dc21bfd9e3f3ab2cfaeb2694251d1b550e59e2a1,2026-01-27 04:23:41 +0000,1179,350,290,471,296,112,63,61,708
91eb96fde3ce96c4ed0f8c12872a8bd5e875e5a7,2026-01-27 06:42:41 +0000,1179,350,290,471,296,112,63,61,708
65b9611d53a8891704d81de7054aeb71eaa8046a,2026-01-27 06:57:13 +0000,1179,350,290,471,296,112,63,61,708
3bb20291a544c446246d7dd31629c53ccd4710a3,2026-01-27 08:04:27 +0000,1179,350,290,472,296,113,63,61,707
6a8a8ee1f93103c0660edceef1ca33c5369b65ff,2026-01-27 15:18:31 +0000,1179,350,290,473,296,114,63,61,706
2659d4d1e9ed3298844fe074a81e111e0cc6358d,2026-01-27 15:31:35 +0000,1179,350,290,473,296,114,63,61,706
41d48d41d0e343fc7d28349138a923bc00d9bc6c,2026-01-27 15:46:16 +0000,1179,350,290,473,296,114,63,62,706
9cd65a74f5d76009846babf1f78001242f5a0359,2026-01-27 15:49:01 +0000,1179,350,290,473,296,114,63,63,706
d80b4b8175f900ad4c7248bdf3c0de6c477c0631,2026-01-28 08:13:22 +0000,1179,350,290,473,296,114,63,63,706
bda48ad75e00e32ab53bbaa8c96dc9e3774447d3,2026-01-28 10:35:45 +0000,1179,351,290,473,296,114,63,63,706
dd8fae5e7f0ab44ff8a826444f3efadab2b7edcb,2026-01-28 10:39:06 +0000,1179,351,290,473,296,114,63,63,706
7c5a1acc19dcb9c293dfe2a9c1feef6306f44f78,2026-01-28 16:04:21 +0000,1179,351,290,473,296,114,63,64,706
ba84c407a46105829fd910929723de7c69c82637,2026-01-28 20:34:03 +0000,1179,351,290,473,296,114,63,64,706
e51642499822fec17fd2e4ce70a7d069dc910ff7,2026-01-28 20:35:09 +0000,1179,352,290,473,296,114,63,64,706
e964552efd438dfbe5334451e60ae22d2353675d,2026-01-29 16:04:16 +0000,1179,352,290,473,296,114,63,65,706
aba1a01fc4b902bbdf2cb730e70e7a6051ba44ea,2026-01-29 16:35:43 +0000,1179,352,290,473,296,114,63,65,706
a2c16b7d82ade99d19d8a11bcca31a5846192d05,2026-01-29 17:45:30 +0000,1179,352,290,473,296,114,63,65,706
c4bfe8a6d60f134fe6d4bd9d4019646bd8c61fc1,2026-01-29 21:13:23 +0000,1179,352,290,473,296,114,63,65,706
65a410f086da357f3ee3c98c67b7e38402bdf640,2026-01-29 21:41:17 +0000,1179,352,290,473,296,114,63,65,706
a23a7dfed85e1ebd94b0c67ee0210207621e1100,2026-01-30 06:02:02 +0000,1179,352,290,474,297,114,63,66,705
f4d6fd69fc567198ea7eae08ab85adf1f1a0ea40,2026-01-30 06:06:29 +0000,1179,352,290,474,297,114,63,66,705
2fb1c3a993c79768dcfacde9d16eaa54b944211f,2026-01-30 11:44:40 +0000,1179,352,290,474,297,114,63,66,705
678637fae0e5177aaef6ca9cd4ec68d65e7dc968,2026-01-30 16:19:02 +0000,1179,352,290,475,298,114,63,67,704
72301182d584fff2d3e5f8a1d712e8ab189bc483,2026-01-30 20:56:35 +0000,1179,352,290,474,297,114,63,66,705
e4894c6c2b62785d32ae29071e8ea1eb50709e4b,2026-01-31 06:29:32 +0000,1179,352,290,474,297,114,63,66,705
fd5b0fd6f8a24caf10fe3a91078672104b1cae72,2026-01-31 07:07:24 +0000,1179,352,290,474,297,114,63,66,705
5eee174d63d59f67bcf1d16d2a5d0a89f617e6d4,2026-01-31 09:16:57 +0000,1179,352,290,474,297,114,63,66,705
cfc231094232356cf02be60654bf3fd085afa161,2026-01-31 10:13:45 +0000,1179,352,290,474,297,114,63,66,705
5c177e668ad5e3711c2d48eadfbc4ec220274602,2026-01-31 11:50:04 +0000,1179,352,290,474,297,114,63,66,705
93d8ca2c4f073571a6a01f10d5e8c2c231180ac1,2026-01-31 15:53:02 +0000,1179,352,290,474,297,114,63,67,705
d6bfb44abaf8154cd7f4f8bb1d4b796ff1a2758f,2026-01-31 15:59:22 +0000,1179,352,290,474,297,114,63,68,705
dbb76a492bc766ad1c222856f9becaa98626ece7,2026-01-31 16:06:27 +0000,1179,352,290,475,298,114,63,68,704
69c07cd0c99519618acf4ab91f31942acd35d7cc,2026-01-31 16:30:44 +0000,1179,352,290,476,298,114,64,68,703
583530cef7008726aca05059464b5ef2c618d811,2026-01-31 16:48:39 +0000,1179,352,290,476,298,114,64,69,703
b1189743a5f30ccec9fbd007f058f89142aff705,2026-02-01 00:20:52 +0000,1179,352,290,476,298,114,64,70,703
219df8327cb2282b195311413ce71c06bb3f6c79,2026-02-01 00:23:11 +0000,1179,352,290,476,298,114,64,71,703
ac9dd5210a2aaa69e252e7c3802ed6f3498ce9a4,2026-02-01 00:23:55 +0000,1179,352,290,476,298,114,64,72,703
493dc416483263ced00b78c54b9b337306b82f6d,2026-02-01 13:15:58 +0000,1179,353,290,476,298,114,64,72,703
877d76aed6372a10f731df882d9c88e546af6119,2026-02-01 13:38:21 +0000,1179,354,290,476,298,114,64,72,703
c42e80e275ba4b6b1d0505286282e6f3ff8ddcd8,2026-02-01 19:48:46 +0000,1179,355,290,476,298,114,64,72,703
2b88c944ec9f92fa42252a897698d48eb798e156,2026-02-01 20:09:12 +0000,1179,355,290,476,298,114,64,72,703
d743b2ecbb5ebedf4c78ce800b2c442b251cb07a,2026-02-02 06:03:31 +0000,1179,355,290,479,299,115,65,72,700
ddb801f21c147891d6cb86b5fc89d0fa975ff204,2026-02-02 06:44:08 +0000,1179,356,290,479,299,115,65,72,700
7c1e2d9758a73d69dc8e079426114d9a30254738,2026-02-02 06:45:44 +0000,1179,357,290,479,299,115,65,72,700
d175e878474f28b334e70180710d70ce96c0434a,2026-02-02 08:33:14 +0000,1179,357,290,479,299,115,65,72,700
87cdf19beeaec4345a7e1c776c3e84bba5a82f70,2026-02-02 08:36:01 +0000,1179,358,290,479,299,115,65,72,700
3e8b477a4b04236447e58d5687e320bdcd2c0338,2026-02-02 09:00:41 +0000,1179,358,290,479,299,115,65,72,700
dca1e253adf50f32416dde4750410b0cd12a9328,2026-02-02 09:08:22 +0000,1179,358,290,479,299,115,65,72,700
debbc709351eba89a2312f5b84ce827f8d34183a,2026-02-02 09:17:59 +0000,1179,358,290,479,299,115,65,72,700
5cc20adc770c029badecbd2551e1a87b360e3e1a,2026-02-02 16:25:55 +0000,1179,358,290,479,299,115,65,73,700
824bc90710cf91d30db4e0c1d982f18a7e1e7522,2026-02-02 16:28:51 +0000,1179,358,290,479,299,115,65,73,700
486ddf3d5e5075f1b0edc5591457da914202df11,2026-02-02 16:29:42 +0000,1179,358,291,479,299,115,65,73,700
d9883e13f082e7162cb3aaf633d069b3bcbb859b,2026-02-02 17:11:51 +0000,1179,358,291,479,299,115,65,75,700
16f09bd7c9463fc4f6f5a9a3b5e1f2d0fde0a491,2026-02-02 17:12:28 +0000,1179,358,291,479,299,115,65,76,700
659dffc34c8e09b7fc442a190cb1be7239c3af68,2026-02-02 17:13:27 +0000,1179,358,292,479,299,115,65,76,700
8ebed910f42b225d3b79db74608f6fb5884fd0e7,2026-02-03 00:24:57 +0000,1179,358,292,479,299,115,65,77,700
6e4745f87f6820ed0bd1497012bfae9c41492e69,2026-02-03 04:23:35 +0000,1179,358,292,479,299,115,65,78,700
a7594bbbfa359d1cfbef4290fde45f9d0807a355,2026-02-03 07:37:22 +0000,1179,358,292,479,299,115,65,78,700
a07be174a68163138c50dc7086dbba4ae8d972be,2026-02-03 07:37:41 +0000,1179,358,292,479,299,115,65,78,700
e09ae79ec31e2cdd7dd2448bd053829cd41ac4eb,2026-02-03 07:38:24 +0000,1179,358,292,479,299,115,65,78,700
787eb87247c7d832f65bc2b2056be28beded4fdd,2026-02-03 07:49:51 +0000,1179,358,292,479,299,115,65,78,700
73d0238a8bf10a73b65d339cde981b8d365b252a,2026-02-03 08:11:42 +0000,1179,358,292,479,299,115,65,78,700
eba235c2c90cfc90d4255fda035886f32857b07c,2026-02-03 08:16:36 +0000,1179,358,292,479,299,115,65,78,700
b4169b0692678c21bfa512540f61f65f2c46f529,2026-02-03 09:58:10 +0000,1179,358,292,479,299,115,65,78,700
2767b8c31d100745906e772a71a924abdc5e2ca7,2026-02-03 11:36:23 +0000,1179,358,292,479,299,115,65,78,700
f87a71a91a9faa4d934d39c4a9dec884be218f0c,2026-02-03 16:21:25 +0000,1179,359,292,479,299,115,65,78,700
8fc4ff8fb13dec29c34cb8338823ba22d204149a,2026-02-04 08:54:31 +0000,1179,359,292,479,299,115,65,78,700
c6fe04077ec6e2b999a16952a8093877ceb12cae,2026-02-04 08:55:40 +0000,1179,359,292,479,299,115,65,78,700
e6a0be75065ad1f2595b169cdb633e0b0f6dfd56,2026-02-04 08:56:05 +0000,1179,359,292,479,299,115,65,78,700
2990fdace4e8dc79e9c521ebcaac28b373d39ef8,2026-02-04 08:56:26 +0000,1179,359,292,479,299,115,65,78,700
c1a1115481f8942f6fcc8c74c65cfdabe416416e,2026-02-04 08:57:44 +0000,1179,359,292,479,299,115,65,78,700
31dbf390111c251c9d7bef1c583a5cf6c8ff63b8,2026-02-04 09:03:21 +0000,1179,359,292,479,299,115,65,78,700
528018103517e572c097dd255fcafe2ff80da4ec,2026-02-04 14:24:33 +0000,1179,359,292,479,299,115,65,78,700
c2407ac4095fe793fb2fd58b6ace7062b3df49ac,2026-02-04 15:51:09 +0000,1179,359,292,479,299,115,65,81,700
2c934d479a67c6848b243f6eba09bf069d526bff,2026-02-04 17:35:15 +0000,1179,359,292,479,299,115,65,81,700
44b745f86953a7c33c89b95bb0fcee2c78018651,2026-02-04 18:52:26 +0000,1179,359,292,479,299,115,65,82,700
d6c2123e9a54128f5e5d1b0dcc0a34bd5a54a231,2026-02-05 03:11:14 +0000,1179,359,292,479,299,115,65,83,700
4a8b2ee9616455f77a8c07c0dd139d0934b42b49,2026-02-05 07:40:58 +0000,1179,359,292,479,299,115,65,83,700
2bf642b11c1a92c6e7f597ffc2e990baeaa0bb5f,2026-02-05 08:45:47 +0000,1179,359,292,479,299,115,65,83,700
7ac6cfe72988dc69ab30f6b1a29867702aae1dfe,2026-02-05 08:46:46 +0000,1179,359,292,479,299,115,65,83,700
0869d728b4c2728316afe1f3a2d81dea78272d2b,2026-02-05 09:05:14 +0000,1179,359,292,479,299,115,65,83,700
5f6c37f655d6b90730f2fa22939f80dc8aa0235f,2026-02-05 09:24:34 +0000,1179,359,292,479,299,115,65,83,700
6cce8f1b76afafc17fab90bb0f9183538f1101a0,2026-02-05 10:11:31 +0000,1179,359,292,479,299,115,65,83,700
238c3e9f4e014ac3d874f9854b6ba0fee241a5b7,2026-02-05 13:51:38 +0000,1179,359,292,479,299,115,65,83,700
ed391014fa4d9d1df2296f7f56abef11f6d06795,2026-02-05 14:00:02 +0000,1179,360,292,479,299,115,65,83,700
7067b36df4a0eb9a7c730d2405963cdc7e88da41,2026-02-05 15:49:39 +0000,1179,360,292,479,299,115,65,83,700
0669a177a8d231316acd066366fb4311eb9eab56,2026-02-05 16:03:34 +0000,1179,360,292,479,299,115,65,83,700
0307435c4720ef2835916547c78f54244d3e043d,2026-02-05 16:04:41 +0000,1179,360,292,479,299,115,65,83,700
3325316f8036f6676571aed44e93626fc49f7a75,2026-02-05 16:16:23 +0000,1179,360,292,479,299,115,65,83,700
2a42e40b1fc0c3cd04183efe8ba176516e550f82,2026-02-05 18:58:08 +0000,1179,360,292,479,299,115,65,84,700
614c7ee80254c0fd27c74c7b39da72330091ac97,2026-02-05 19:34:56 +0000,1179,360,292,479,299,115,65,85,700
ae9f83da54cc559479c0161689ef409839ffb51c,2026-02-05 20:57:28 +0000,1179,360,292,479,299,115,65,85,700
43c707c86091e021482e685a12496bb949c5942d,2026-02-06 04:51:45 +0000,1179,360,292,479,299,115,65,87,700
26db3b479449968149cfcf2002db5d88d0fc30c3,2026-02-06 11:12:50 +0000,1179,361,292,479,299,115,65,87,700
db21a5735cc0711af8ca828c883a50661e701899,2026-02-06 13:19:54 +0000,1179,361,292,479,299,115,65,87,700
1bc0ec4a464ab522e56bd2ae4a65dbec00ba68c6,2026-02-06 16:06:45 +0000,1179,361,292,479,299,115,65,88,700
440bd6020cc810faae9d41cd7d305eb3f02a9067,2026-02-06 20:15:35 +0000,1179,361,292,479,299,115,65,88,700
d6c11fd810778769effdba805b44343aa8aa0541,2026-02-07 01:52:55 +0000,1179,361,292,479,299,115,65,88,700
d61a8f9ff276faf6fe2f209fb15b9aaa3040e555,2026-02-07 01:54:51 +0000,1179,361,292,479,299,115,65,90,700
f96b65ea1617f4eb17fbcd6a781273b525f71970,2026-02-07 08:36:24 +0000,1179,361,292,480,300,115,65,90,699
c3880af0e723a298f91a4985f3512f4cd0ac6c88,2026-02-07 17:29:29 +0000,1179,361,292,480,300,115,65,91,699
17d9aa10796b645066ef43e7e4f2f637e2b00fa1,2026-02-08 05:17:31 +0000,1179,361,292,480,300,115,65,92,699
fc40f1951ce01170a1b20c86f59e204ec9f4f183,2026-02-08 17:01:48 +0000,1179,361,292,480,300,115,65,93,699
a10c09c7e46137c37d677f972324187053e06a8d,2026-02-08 19:07:53 +0000,1179,361,292,480,300,115,65,94,699
f89345ca72419ab8a14ea146a942b107a3bdf6b1,2026-02-08 20:11:17 +0000,1179,361,292,480,300,115,65,94,699
1201a8a6c8cdca207f53a1f3bb3105569921aa14,2026-02-08 20:41:48 +0000,1179,361,292,480,300,115,65,94,699
c48645af42b0c00262958307987194d3d69978ee,2026-02-09 07:42:39 +0000,1179,361,292,480,300,115,65,94,699
b76724bb910546c5deea6ba9689be8ab72d642d3,2026-02-09 08:16:57 +0000,1179,361,292,480,300,115,65,94,699
6344e9a8f00b9b2a600cddd3c72af6a56004a303,2026-02-09 09:09:54 +0000,1179,361,292,480,300,115,65,94,699
f71b89dcb78c2657e5e5ae2ce012e25d370b949c,2026-02-09 10:02:17 +0000,1179,363,292,480,300,115,65,94,699
db2b4059a3d04e40ac88167610e3b0c3417d3ea9,2026-02-09 14:58:36 +0000,1179,363,292,480,300,115,65,94,699
dd0a2ecf887f6f8595801be944b1ca4c8af6b4a4,2026-02-10 08:52:52 +0000,1179,363,292,480,300,115,65,94,699
07ceead0835252f60085880b6b55a4b583e6c357,2026-02-10 09:55:25 +0000,1179,363,292,480,300,115,65,94,699
390616342c1d13bb03b6d958c053181c009dda53,2026-02-10 11:51:33 +0000,1179,363,292,480,300,115,65,94,699
dd47d165ef14e9ac3e394908b8d5e5484db9bfb4,2026-02-10 11:58:26 +0000,1179,363,292,480,300,115,65,94,699
81d102ca1e686812f0ba5b2b54628534bf5e460f,2026-02-10 12:44:27 +0000,1179,363,292,480,300,115,65,94,699
6a4674713475ec80e3ed9dfccfd9db6e9fdb410d,2026-02-10 13:32:55 +0000,1179,363,292,480,300,115,65,94,699
ce611fc50e3795df64341f8e5b29e50e9f500118,2026-02-10 19:01:14 +0000,1179,364,292,480,300,115,65,94,699
dd771ba3dd19509b4e40dae0f2b67246d4f7b7a5,2026-02-11 00:52:49 +0000,1179,364,292,480,300,115,65,96,699
7babe0afaf3badc1639aafe4532d32309b66faf4,2026-02-11 08:02:37 +0000,1179,365,292,480,300,115,65,96,699
c49fddc73ea03e01af94c0fa9e57cc9c6963dec8,2026-02-11 10:41:30 +0000,1179,365,292,480,300,115,65,96,699
c3c7787008a6688dbcfae739377fcb76f89534a2,2026-02-11 10:49:03 +0000,1179,365,292,480,300,115,65,96,699
c13e43a83a0bfce28ff191d4c07916efdedd7f96,2026-02-11 10:56:52 +0000,1179,365,292,480,300,115,65,96,699
20c3fa7d13583d5b12232cf193fa50ea660a31ac,2026-02-11 11:11:48 +0000,1179,365,292,480,300,115,65,96,699
4ad742a14f09b2ca9d5e9bc1977dd84cd9e0055f,2026-02-11 16:39:00 +0000,1179,365,293,480,300,115,65,96,699
5f462a64cc64b4b4b366cca999136863ac6a4947,2026-02-12 06:49:55 +0000,1179,365,293,480,300,115,65,96,699
94e0c5d2fa4dbbd6c41a7c866647a01502196346,2026-02-12 06:50:20 +0000,1179,365,293,480,300,115,65,96,699
9172f112a5245fec05e753f0314949e109ed48d0,2026-02-12 23:21:47 +0000,1179,365,293,480,300,115,65,96,699
8a9406182157c457df35e1767299980ee50ae5dd,2026-02-13 01:59:42 +0000,1179,365,293,480,300,115,65,96,699
f9081312475ce8728c8668b05a6307bb13ddd10c,2026-02-13 06:44:16 +0000,1179,365,293,480,300,115,65,96,699
b4bc12bb221302e804d94ae99746294002364eff,2026-02-13 07:23:07 +0000,1179,365,293,480,300,115,65,96,699
d363b4dc04f67cbd6f348f378ab9e85737978c86,2026-02-13 07:23:36 +0000,1179,365,293,480,300,115,65,96,699
dd9e0df14ce6c23178f29eff4c88b51d7afd654f,2026-02-13 11:55:39 +0000,1179,366,293,480,300,115,65,96,699
cce72e9547e7339d0802657e47de72ea825cfab7,2026-02-13 15:51:23 +0000,1179,366,293,480,300,115,65,96,699
10fdaaaa1290562255b6e09cfb8613b8f66b7433,2026-02-13 17:46:58 +0000,1179,367,293,480,300,115,65,96,699
4986e3b112684a75b15503faf4f8d7734e4d9336,2026-02-14 08:52:00 +0000,1179,368,293,480,300,115,65,96,699
334e1f27fdae776b66b52c2f22f5ba297165c7f4,2026-02-14 13:17:40 +0000,1179,368,293,480,300,115,65,96,699
364d785391b8e0be1357afc79cc870a57dbe51c6,2026-02-14 16:15:02 +0000,1179,368,293,480,300,115,65,96,699
42d44439fe366cc9c8e8953d80ad2ddf1cd0557e,2026-02-14 18:21:00 +0000,1179,369,293,480,300,115,65,96,699
2952868413eb2b00268cb2c724774dbc3d319bdc,2026-02-14 18:37:37 +0000,1179,369,293,481,301,115,65,97,698
db51ea6cbfcdc483672b24ec7023393958d3aad9,2026-02-14 18:39:30 +0000,1179,369,293,481,301,115,65,98,698
6e81fdcb8711cda510628ef628e477ed50ba6278,2026-02-14 19:26:31 +0000,1179,369,293,481,301,115,65,98,698
cb351c7dc11fcf346304d29bcd37c1652b1c95a9,2026-02-15 15:17:52 +0000,1179,370,293,481,301,115,65,98,698
5329e13f5449f3d0196a6b2406dc12b27a70e15d,2026-02-15 15:29:24 +0000,1179,370,293,481,301,115,65,98,698
8a1b4ae2e3f1a7e6c24e9a92a6675605bb422cf4,2026-02-15 15:36:24 +0000,1179,370,293,481,301,115,65,98,698
350cdd1ac246c3c5ddd2e3044237b72a642de08a,2026-02-15 16:38:00 +0000,1179,370,293,481,301,115,65,98,698
d672fa7d97d85a830598f0d58d6cc6f977e88fc2,2026-02-16 11:45:40 +0000,1179,370,293,481,301,115,65,98,698
e96e013368d9f78e9533da710e9e324876313272,2026-02-16 13:05:50 +0000,1179,370,293,481,301,115,65,98,698
c87fa4d0e20837d82e85f7e1025f2e933d7aeee3,2026-02-16 14:43:41 +0000,1179,370,293,481,301,115,65,98,698
e8434c2d42ff238a89a74dcb9c7b382919633fd7,2026-02-16 14:49:31 +0000,1179,370,293,481,301,115,65,98,698
5dde7b0a2e2912edd80497e0a2050380452fdfcd,2026-02-16 14:59:26 +0000,1179,370,293,481,301,115,65,98,698
a01c37a9a65f10e555a8380e5344608f967ef9d3,2026-02-16 21:38:40 +0000,1179,370,293,481,301,115,65,99,698
ad7f2f62cfde34b8b65b3ed3234f1f6b4ff190f4,2026-02-17 07:39:03 +0000,1179,370,293,481,301,115,65,99,698
625030922e8258ce75878bdbaa633ce017aab398,2026-02-17 10:42:15 +0000,1179,371,293,481,301,115,65,99,698
5a15d091df8e565d9d37e56cd0493be91a741c4f,2026-02-17 14:30:36 +0000,1179,371,293,481,301,115,65,99,698
700a75c7f449cbabaf2e6b48e7e3b25ba5cf9422,2026-02-17 17:50:11 +0000,1179,371,293,481,301,115,65,99,698
83a1e10c87e672cbdf2b15da32631961dcb56fef,2026-02-17 18:58:11 +0000,1179,371,293,481,301,115,65,100,698
266f3f4365e54835a8d58f2ca81c214c8377e705,2026-02-18 07:19:56 +0000,1179,371,293,481,301,115,65,100,698
a9398a3a6c0a919edfec380bc078616d21408321,2026-02-19 13:23:53 +0000,1179,371,293,481,301,115,65,100,698
7fbfc53fc8c7954b03c035078ec5b58fc0e3a22c,2026-02-19 16:58:00 +0000,1179,371,293,481,301,115,65,100,698
03f453f6554bc1ff43dd580bd22bffb1516ec003,2026-02-20 09:40:51 +0000,1179,371,293,481,301,115,65,100,698
9ec0e2b686b438125419fca7713bcf2dbbcdcef3,2026-02-22 05:33:59 +0000,1179,371,293,481,301,115,65,100,698
07ec6d2be892c1ae0e9dfe2a619ec456ea39e267,2026-02-22 23:11:34 +0000,1179,371,293,481,301,115,65,100,698
0783e43eacfb46886d3a152c80f719afb0c0e056,2026-02-23 01:10:32 +0000,1179,371,293,481,301,115,65,101,698
830cbf15e6d7412df7b0e4eec51430af8e30b670,2026-02-23 08:21:12 +0000,1179,371,293,481,301,115,65,101,698
78192114c3842cd9f7e8a9c2138cf321c27a7dbf,2026-02-23 08:26:08 +0000,1179,371,293,481,301,115,65,101,698
40401208f442fa05e7bc266e3ceabff035fd9c26,2026-02-23 08:57:53 +0000,1179,371,293,481,301,115,65,101,698
6933fdb69d782390794feeaa8d9e376103bbdd18,2026-02-23 13:28:48 +0000,1179,371,293,481,301,115,65,101,698
a3203ec8218cb07f2fa4acd00d343d1530c2caa1,2026-02-23 17:18:04 +0000,1179,371,293,481,301,115,65,102,698
348b41d6914cc1807ef0febb5c8541ecbd58bb42,2026-02-23 22:48:13 +0000,1179,372,293,481,301,115,65,102,698
0b6075251f813a084e3d9b43fa087a51f0b46d52,2026-02-24 16:15:54 +0000,1179,372,293,481,301,115,65,102,698
f3b844fa7fe4ba284408a504194927a99ce76bd7,2026-02-24 20:35:02 +0000,1179,372,293,481,301,115,65,103,698
fa0b21bdcf02551064f815bf1eac68e04732e12d,2026-02-24 20:36:44 +0000,1179,372,293,481,301,115,65,104,698
00e8062b301519ad5ffc493fb45f68e5e9c86e69,2026-02-25 01:33:06 +0000,1179,372,293,481,301,115,65,105,698
c1ae5dff4674a43e450b7255526e9cf3c03e8e17,2026-02-25 08:54:45 +0000,1179,372,293,481,301,115,65,105,698
160e4c4c640ccb7a4862f70ca0d7dd11a9023e67,2026-02-25 09:37:46 +0000,1179,372,293,481,301,115,65,105,698
e537e8d20bb3f30838946d07edfa906ab397260f,2026-02-25 10:37:41 +0000,1179,373,293,481,301,115,65,105,698
a6c1a43c8414ea72c891168dff2ed0db5e0eb2fa,2026-02-25 10:53:17 +0000,1179,373,293,481,301,115,65,105,698
b4b659299c5eb1de9465134022d59c0cd09ebb68,2026-02-25 13:09:01 +0000,1179,373,293,481,301,115,65,105,698
95c07f9d480d7e7840a0c31f7c7cd2e451b1e36d,2026-02-25 13:49:30 +0000,1179,374,293,481,301,115,65,105,698
0f99ac0cea3a259c99aa1f6371cd5ee14aca07c3,2026-02-25 13:49:56 +0000,1179,374,293,481,301,115,65,105,698
9738a1f0af4d14ebb91fa63c1ac93fce6679cb4c,2026-02-25 16:37:02 +0000,1179,374,293,481,301,115,65,105,698
a4ac653071df167992120ba1b95a4a3a3678e20e,2026-02-25 17:46:04 +0000,1179,374,293,482,301,116,65,106,697
5d58fc7c2fc187c42d736ab8d0bcfd170b13d816,2026-02-25 17:51:01 +0000,1179,374,293,483,301,117,65,108,696
02a003fd58230e50c659be8dd89aa2e2f9379b35,2026-02-25 17:55:56 +0000,1179,374,293,482,301,116,65,107,697
3f8aa3cb49d31f8e352dc0b8da2f72d2c765ddd7,2026-02-26 04:03:22 +0000,1179,374,293,482,301,116,65,108,697
607bf9f0a957f9ed7c7aba15301d328dfe7f1b46,2026-02-26 10:19:26 +0000,1179,374,293,482,301,116,65,108,697
a979fa3ec11e433c050b2a6c82c7b01c69d5be32,2026-02-26 10:57:42 +0000,1179,374,293,482,301,116,65,108,697
a7d4d75af6c798f15f00bb1a26de5162ce6ae8eb,2026-02-26 15:09:16 +0000,1179,374,293,482,301,116,65,108,697
568d3552a9ab29da27fc44013540f9e42006b0ba,2026-02-27 05:07:18 +0000,1179,374,294,482,301,116,65,108,697
99d1bb6b858229745ed55d316cc2fc7a0a140289,2026-02-27 06:57:26 +0000,1179,374,294,482,301,116,65,108,697
ccf847d24f64d50ad1ddfd85c476316409d6d66d,2026-02-27 07:59:53 +0000,1179,374,294,482,301,116,65,108,697
d802405e2fa7e3fcdaf47a01cba5dca80e05a508,2026-02-27 16:35:34 +0000,1179,374,294,483,302,116,65,108,696
6437bacef4e90deabd3c93d1881f01327ef61c5e,2026-02-27 23:47:59 +0000,1179,374,294,483,302,116,65,110,696
55f3aeced4326004fd5f8492ff21e25ccd82286c,2026-02-28 22:32:33 +0000,1179,374,294,483,302,116,65,110,696
d8edbef90833cd71c20719bf92afcbc25a44a2ca,2026-03-01 11:59:00 +0000,1179,374,294,483,302,116,65,110,696
c2be39ab20c22b36d073571624cfd9c99e0d001c,2026-03-01 16:18:42 +0000,1179,374,294,483,302,116,65,110,696
d3b28b638af8906c1210bb61b6b334c4519e847c,2026-03-01 19:50:01 +0000,1179,374,294,483,302,116,65,110,696
09f7991662b8e1b481dc6f39929dd91816f34ecb,2026-03-01 20:22:22 +0000,1179,374,294,483,302,116,65,110,696
7f9b4b22611cf421cf9e821c2504d6c1942cb1fc,2026-03-02 09:51:25 +0000,1179,374,294,483,302,116,65,110,696
e8d105a565c0635d0487d31512fc54be84721336,2026-03-02 09:52:40 +0000,1179,374,294,483,302,116,65,110,696
c2521628af560f68acb3dea9b4f954246f814602,2026-03-02 13:11:24 +0000,1179,374,294,483,302,116,65,110,696
a89da315d6c6e7e26912d942cf875822bd031ce3,2026-03-02 17:43:24 +0000,1179,374,294,483,302,116,65,110,696
4211a5e172e642d56533e1697c50369fac9ef93d,2026-03-02 22:49:13 +0000,1179,374,294,483,302,116,65,111,696
04440a8b6a2e41e53317e39cd00837459bdcfce2,2026-03-03 10:24:35 +0000,1179,374,294,483,302,116,65,111,696
24529432d2c7e63b03c0c0e57b39a2ba414e33ac,2026-03-03 12:43:01 +0000,1179,374,294,483,302,116,65,111,696
3c7a547f55e0d4c489b95c5b4c812dde83947aab,2026-03-03 14:39:46 +0000,1179,374,294,483,302,116,65,111,696
02452b81b5e622eac5749187ae555f9ac45ff3e8,2026-03-03 14:48:46 +0000,1179,374,294,483,302,116,65,111,696
32ddd22468d47d823015cf8a9d2e19adb02bef17,2026-03-03 16:05:35 +0000,1179,374,294,483,302,116,65,112,696
ecdcc38d665c27bf30080819f8086fa9ba4d8c4d,2026-03-03 16:06:22 +0000,1179,374,294,483,302,116,65,113,696
bc839134d757601f439a1ee01ef50ac0e88a0d60,2026-03-03 16:16:09 +0000,1179,374,294,483,302,116,65,113,696
3953d74594f81cf8f8c7bf6288826c678323efe1,2026-03-04 07:14:33 +0000,1179,374,294,483,302,116,65,113,696
09a69cc9f8ef4634c0d923f44819725c03501af4,2026-03-04 07:53:20 +0000,1179,374,294,483,302,116,65,113,696
7b6bd4494e7889289938c092f8b400969ac8c578,2026-03-04 07:57:57 +0000,1179,374,294,483,302,116,65,113,696
2fddbf94b4b6179f73101227b6b962018ff725ec,2026-03-04 11:49:32 +0000,1179,374,294,483,302,116,65,113,696
2c468c3d244d0441ff147c6d9720c9f43439c366,2026-03-04 11:54:28 +0000,1179,374,294,483,302,116,65,113,696
5c99b784d71ffc37f84dc35f92ea85c181606608,2026-03-04 13:13:12 +0000,1179,374,294,483,302,116,65,113,696
d77ffab7545a19684fd0a0def7742aca1c3d938e,2026-03-05 07:09:32 +0000,1179,374,294,483,302,116,65,113,696
d994276ae6a72ac13d842b630b6a9c96468ceb08,2026-03-05 10:31:32 +0000,1179,374,294,483,302,116,65,113,696
09c1d4a71b57ba969c99ad82551a910b63359721,2026-03-05 12:54:08 +0000,1179,374,294,483,302,116,65,113,696
5c8e23ce8f24f731f82edd740b408cd9d45ce05f,2026-03-05 15:30:17 +0000,1179,374,294,483,302,116,65,113,696
394d24d23dc57997733eac2bd21d06bce41f181e,2026-03-05 16:19:11 +0000,1179,374,295,483,302,116,65,113,696
361ca6cbf0f98b47fd5dee5dbe950369c3c1ed5f,2026-03-05 22:33:33 +0000,1179,375,295,483,302,116,65,113,696
ae644b0a82065786e1974e17469955cbceca435c,2026-03-07 05:25:08 +0000,1179,375,295,484,303,116,65,115,695
90d38e95b5869316ddc2e37cfd078e57e9db034c,2026-03-07 05:43:08 +0000,1180,375,295,485,304,116,65,115,695
f8504ea92c0e8de25474eab8bc4ef84007be655a,2026-03-07 08:02:41 +0000,1180,375,295,485,304,116,65,115,695
f0ceaa687d26ec5086b6423087d93cda5b006abe,2026-03-07 08:16:25 +0000,1180,375,295,485,304,116,65,115,695
00a323f8e97b7eb2ef4efe898a0bf960ab822103,2026-03-07 16:12:34 +0000,1180,375,295,486,305,116,65,115,694
235998c02abdea446e7e2f638664ae2281bcd3e8,2026-03-07 16:16:33 +0000,1183,375,295,486,305,116,65,115,697
cf1f3d597f9a039f3dbc0a17634968977da197d6,2026-03-07 20:59:46 +0000,1183,375,295,486,305,116,65,116,697
6f92391219f071696b1fc97fba26741ac1b936cf,2026-03-08 06:55:35 +0000,1183,376,295,486,305,116,65,116,697
661eec54a86affdd83ad94d277976eba20eaa816,2026-03-08 07:05:01 +0000,1183,376,295,486,305,116,65,116,697
aef072436fa4d99a87d5d174b42c79319da7777a,2026-03-08 07:07:07 +0000,1183,377,295,486,305,116,65,116,697
f2c47f1f3d71efde255ce8a51eca50d911c30a03,2026-03-08 07:19:14 +0000,1183,377,295,486,305,116,65,116,697
34986652b40c07f1ad5f226660161dd94735b49e,2026-03-08 07:45:35 +0000,1183,377,295,486,305,116,65,116,697
122cbea9feeb6c10222d689c0e2a3458f51374c2,2026-03-08 12:08:56 +0000,1183,377,295,486,305,116,65,116,697
38cd53d2baedabb55dd874ce750b8f26437e784e,2026-03-08 15:26:45 +0000,1183,377,296,486,305,116,65,116,697
32dba8d299277ff2fa87e148b811266750e9907e,2026-03-08 20:06:03 +0000,1183,377,296,486,305,116,65,116,697
c4ba70251828d5eeda79d4825c8894d434e32d83,2026-03-08 20:06:50 +0000,1183,377,296,486,305,116,65,116,697
19f7d9b397bdf9f24285f20685b484fbc0da945c,2026-03-08 21:37:05 +0000,1183,377,296,486,305,116,65,116,697
416acb8b0b8858b7411918c658e3bd692018d85d,2026-03-08 21:54:44 +0000,1183,377,296,486,305,116,65,116,697
12697c3bd52759dfac3bdc4f0bbdeff8751a7cb5,2026-03-09 07:15:42 +0000,1183,377,296,486,305,116,65,116,697
3daa6dffa848203b1f8fe1438135988f2bad6256,2026-03-09 07:55:14 +0000,1183,377,296,486,305,116,65,116,697
0f13dbf2fb9ab834963a3c05b356f09a49e05227,2026-03-09 08:23:13 +0000,1183,378,296,486,305,116,65,116,697
3176f1ba967aaecf0dabd3fd19e940525ff70907,2026-03-09 08:48:48 +0000,1183,378,296,486,305,116,65,116,697
bde2613d813e5a6a760d4c5c3e8aad4c0a77b0c2,2026-03-09 08:55:23 +0000,1183,378,296,486,305,116,65,116,697
8e819746fdfa1f5ec93877af2378a034020cd639,2026-03-09 15:09:49 +0000,1183,378,296,486,305,116,65,116,697
f619d8575707ac09ffac59f0fa1b044cbefc94b7,2026-03-09 17:14:21 +0000,1183,378,296,486,305,116,65,116,697
518ca4de11d793a018fb8bfde5f46fdf8744e33a,2026-03-09 17:46:26 +0000,1183,378,296,486,305,116,65,116,697
fd07ae1ff9198f1dd13a7ab65c11a8ed89b50d42,2026-03-10 06:06:25 +0000,1183,378,296,486,305,116,65,116,697
56ec979de6742a7cc07ac850578ff14e42a31efd,2026-03-10 18:49:54 +0000,1183,378,296,486,305,116,65,116,697
7e8548360440bb6b12a4e5de3786bd6a58ed200b,2026-03-11 03:24:56 +0000,1183,378,296,486,305,116,65,117,697
e6dacb34fdc0a0e68494e6e8ac96c6be3cd4f73b,2026-03-11 08:12:21 +0000,1183,378,296,486,305,116,65,117,697
d5765c4a46fb83ae4259cc43a5886387332d287f,2026-03-11 14:03:07 +0000,1183,378,296,486,305,116,65,117,697
4833c2dcc074313cfb5253111649e2ec65110bcc,2026-03-12 00:21:12 +0000,1183,378,296,486,305,116,65,118,697
c675235dcaa53a124c0c65a84d20385934be3cc4,2026-03-12 15:10:57 +0000,1183,378,296,486,305,116,65,118,697
512c76a24cef32d66d1a3554e3c844974bc2ae46,2026-03-12 15:20:34 +0000,1183,379,296,486,305,116,65,118,697
45ee2ff01efd4593d5310356fd000bc0491bb88b,2026-03-13 06:59:09 +0000,1183,379,296,486,305,116,65,118,697
9f6db0a694d5c4ca806c08f8b494a6784c6d326f,2026-03-13 11:36:21 +0000,1183,379,296,486,305,116,65,118,697
4c33fec82ca5f97495eb09181b59cfbd43aca66e,2026-03-13 11:38:46 +0000,1183,379,296,486,305,116,65,118,697
bab892f7fa15fa2e65bf81156f0f7230b6acbb71,2026-03-13 11:40:11 +0000,1183,379,296,486,305,116,65,118,697
cd745c92d00ffe94ab3d2ead198b2db610ff5c0d,2026-03-13 11:40:29 +0000,1183,379,296,486,305,116,65,118,697
4573099678c0e25caf2d4061ef4396d2804065d3,2026-03-13 11:40:47 +0000,1183,379,296,486,305,116,65,118,697
53473fc783ab570fdca8c57179e4ab9902831d67,2026-03-13 11:41:09 +0000,1183,379,296,486,305,116,65,118,697
8d4009cf9420d7b3be52b2a2bd6073cd6068bfdb,2026-03-13 11:41:41 +0000,1183,379,296,486,305,116,65,118,697
80141325ec1e4f5d008d0ae18fa2d4c49a424d2e,2026-03-13 11:42:00 +0000,1183,379,296,486,305,116,65,118,697
b8af974b6e7e60f03bcbf3fff2466cdc0ac2ac48,2026-03-13 11:42:18 +0000,1183,379,296,486,305,116,65,118,697
fe0f43efbcdcb9646a0e93b755cc2a45848d9790,2026-03-13 11:42:38 +0000,1183,379,296,486,305,116,65,118,697
ed7b0ead08d78ac8ff1d573ae298c986884633f4,2026-03-13 11:47:59 +0000,1183,379,296,486,305,116,65,118,697
7bbe771e80c9ce4b9d500e35f7e15764ba6fcc32,2026-03-13 12:03:25 +0000,1183,379,296,486,305,116,65,118,697
cadac3d35e3e2a3809e3259498dab05778a775f0,2026-03-13 12:06:37 +0000,1183,379,296,486,305,116,65,118,697
4c0a76811dbc410e3436dae47f5f4f67d23cb10d,2026-03-13 12:18:24 +0000,1183,379,296,486,305,116,65,118,697
b51e8dc63e805883539bacc224d0cf4d6b6da5eb,2026-03-13 12:51:55 +0000,1183,379,296,486,305,116,65,118,697
a831252fbb3426cb883ba16dd412c60b968722ec,2026-03-13 12:52:17 +0000,1183,379,296,486,305,116,65,118,697
46fb9c83fe7091725eb114bd825029d58f275980,2026-03-13 13:01:47 +0000,1183,379,296,486,305,116,65,118,697
42b86b605896079c1317e0825f5658293249ec69,2026-03-13 13:54:54 +0000,1183,379,296,486,305,116,65,118,697
c325c52f4583c0b42140c455144d7e0b35ca7a03,2026-03-13 15:11:27 +0000,1183,379,296,486,305,116,65,118,697
b2eb6d1594e8b15f34d4e90d9cab171d31a11569,2026-03-13 16:16:49 +0000,1183,379,296,486,305,116,65,118,697
a19a2c177e7c161566f8572927b8d6fa1f2b6c74,2026-03-13 16:40:16 +0000,1183,379,296,486,305,116,65,118,697
8c51ef5e3f7010ba065f0e67ca04825244e25bc6,2026-03-13 20:43:33 +0000,1183,379,296,486,305,116,65,118,697
e6afaae178c4b08e9bdfb755ea07e97d1accb094,2026-03-13 21:24:03 +0000,1183,379,296,486,305,116,65,118,697
834f4fe78953f03ae1706500e8edc82fa14a819e,2026-03-13 22:03:58 +0000,1183,379,296,486,305,116,65,118,697
d90c594e3bb63a85995237529f71239946ed2157,2026-03-14 10:04:58 +0000,1183,379,296,486,305,116,65,118,697
33176e7083822612b245bed161d35d3c9b6bc6d0,2026-03-14 12:52:02 +0000,1183,379,296,486,305,116,65,118,697
d98592d3b23086f18f211f234a73fab2feed2857,2026-03-14 16:31:24 +0000,1183,379,296,486,305,116,65,118,697
f1d85768315c4cff20fdf37493713d2db84b0e86,2026-03-14 20:23:20 +0000,1183,379,296,486,305,116,65,118,697
bf443df09f2030ce29f0bf407f15f43aae211c01,2026-03-15 09:24:24 +0000,1183,379,296,486,305,116,65,118,697
dbf29c9165d946093c81d3553772928b188c15ee,2026-03-15 09:58:28 +0000,1183,380,296,486,305,116,65,118,697
26072daa7cc5f53b0313fdc5b6f35b04c3e64592,2026-03-15 10:07:04 +0000,1183,380,296,486,305,116,65,118,697
026be08c96fc9c4ff53879a8308c9baa25543f08,2026-03-15 14:24:31 +0000,1183,381,296,486,305,116,65,118,697
71c1a2bec8672e7ae6e60de09c81a00e96e8abb0,2026-03-15 16:46:13 +0000,1183,381,296,486,305,116,65,119,697
a8bb24312f25f66c359808470ecb3aeeccda54e5,2026-03-15 16:46:59 +0000,1183,381,296,486,305,116,65,120,697
a347437de7ea9b9aba4b48b5903822528d6bd424,2026-03-15 21:40:41 +0000,1183,381,296,486,305,116,65,120,697
012282c97e06300c21ff11fc4151dbc6c54dab9d,2026-03-16 06:37:13 +0000,1183,381,296,486,305,116,65,120,697
6ace846eaf05d99f1651ba8581815ddaf738f85a,2026-03-16 06:38:46 +0000,1183,382,296,486,305,116,65,120,697
6c94d6f0457d9476aff303ca26ee4936431b58d2,2026-03-16 06:39:27 +0000,1183,382,296,486,305,116,65,120,697
19cb6116c2c194240e8f46c973e13a161f7987b2,2026-03-16 09:57:07 +0000,1183,383,296,486,305,116,65,120,697
5905486d7af567ecc8b12b3c1b66da54a9506391,2026-03-16 11:17:17 +0000,1183,383,296,486,305,116,65,120,697
5a57ab925703b18c2d77cf43c2467c508509ee8f,2026-03-17 07:25:53 +0000,1183,383,296,486,305,116,65,120,697
66ca57ea453d08ed468d8a213fea4418b4b62653,2026-03-17 07:52:47 +0000,1183,383,296,486,305,116,65,120,697
af174448a5ff4ed0856620482ece62fac2bcfcbf,2026-03-17 09:18:00 +0000,1183,383,296,486,305,116,65,120,697
fe8803565ecc55eba116afd5c43e33c73bf3e8b0,2026-03-17 09:19:18 +0000,1183,383,296,486,305,116,65,120,697
5378499520bfe269311c6699f59049bc9067232d,2026-03-17 10:17:34 +0000,1183,383,296,486,305,116,65,120,697
fa7b17cf112a5cd362e047263b401ecb370d1dc2,2026-03-17 16:57:43 +0000,1183,384,296,486,305,116,65,120,697
3cb75b465d344cab2cbc6eaf3aa0ca2bea9d68fb,2026-03-17 18:20:04 +0000,1183,384,296,487,306,116,65,121,696
0576fe55cb2082d1d628bf58acf5d1da22fd5857,2026-03-17 19:17:53 +0000,1183,384,296,487,306,116,65,121,696
57a95d2052a9bb69192205d79016d3d41db0b161,2026-03-17 20:13:38 +0000,1183,384,296,487,306,116,65,121,696
ea7f10310ffc59a90d7521659c9492ae2f076cb1,2026-03-17 22:20:58 +0000,1183,384,296,487,306,116,65,121,696
b2f300feff628b32981c24bfc15cb3fd238e8334,2026-03-18 08:18:19 +0000,1183,384,296,487,306,116,65,121,696
780813eeb29017fac284a2cf37507446788054d5,2026-03-18 17:46:34 +0000,1183,384,296,487,306,116,65,121,696
19644991e9d64c162e97baf6227b47cb44d6faf1,2026-03-18 18:47:12 +0000,1183,384,296,487,306,116,65,121,696
b534b94631e049114a206f682b96b284c9aabfa5,2026-03-19 06:19:26 +0000,1183,384,296,487,306,116,65,121,696
42941773c587dc360d8e6d4c7217935b70e30268,2026-03-19 07:23:19 +0000,1183,384,296,487,306,116,65,121,696
53d43487ee7a0319a575f3983260c03ff5090180,2026-03-19 12:17:25 +0000,1183,384,296,487,306,116,65,121,696
d639ec8dbe8db25e8d2db9bde16ad363914c4e0a,2026-03-19 12:35:06 +0000,1183,384,296,487,306,116,65,121,696
1c0d6cf2264504fe4ff8ee7888aa6a5d4398cbaa,2026-03-19 20:45:08 +0000,1183,384,296,487,306,116,65,121,696
1c61af44c66731d831157d923c3194acbd2b403f,2026-03-19 22:14:16 +0000,1183,384,296,487,306,116,65,121,696
e69b54b6229b38def6eb15f636fb98f0a08321b1,2026-03-19 22:16:16 +0000,1183,385,296,487,306,116,65,121,696
4512edeec789063c536d8316968367c88f952c53,2026-03-19 22:16:48 +0000,1183,385,296,487,306,116,65,121,696
cd91711d143184e090e5336e3165be50abfaaaf3,2026-03-19 22:36:12 +0000,1183,386,296,487,306,116,65,121,696
2142d5a603a2cf18c4b815f6a76486ff9602b1a5,2026-03-20 16:17:42 +0000,1183,386,296,487,306,116,65,121,696
062360d01f1ab69a877be064d9a55d52cccef04c,2026-03-20 18:20:26 +0000,1183,386,296,487,306,116,65,121,696
01282d1e83a81e2bea2329f22b02559ae5c6be87,2026-03-20 18:38:49 +0000,1183,386,296,487,306,116,65,121,696
9349df31e8171826c7c927490486895455cac0a9,2026-03-21 08:29:27 +0000,1183,386,296,487,306,116,65,121,696
047def5eed87c1eb65c5139b89632d6ee43121fe,2026-03-21 12:53:39 +0000,1183,386,296,487,306,116,65,121,696
9e929b6323d5d56c79d3dd226bea1d06fe00fbeb,2026-03-21 14:05:02 +0000,1183,386,296,487,306,116,65,121,696
12768e498da9d3e11caf302cbe1f012d5a3b9cd7,2026-03-21 14:20:46 +0000,1183,386,296,487,306,116,65,121,696
efc7cfeb27fe08b6f1f50c9f4d163593cd997b38,2026-03-22 12:15:50 +0000,1183,386,296,487,306,116,65,121,696
19e46b14274d603579f10b71584edbc5b3e8ec9e,2026-03-23 07:11:18 +0000,1183,386,296,487,306,116,65,121,696
7127da82b927ccc87bcd1edf3ed2f7a16880445b,2026-03-23 09:04:55 +0000,1183,386,296,487,306,116,65,121,696
4135be4385f582fd9998a41611aa59d84171631a,2026-03-23 15:38:59 +0000,1183,386,296,487,306,116,65,121,696
dfecb417e6238d6afdb2f2c6225586e4e90eb05a,2026-03-23 22:10:59 +0000,1183,386,296,487,306,116,65,121,696
7c2225cee9b797fe52ef6761c939921da0ed7ded,2026-03-24 07:55:06 +0000,1183,386,296,487,306,116,65,121,696
0956a64093e77b0adde11ee3e9780a825b045234,2026-03-24 10:14:34 +0000,1183,386,296,487,306,116,65,121,696
b1a99aa1c39b223fe74613b710eee1adccaa9493,2026-03-24 11:10:06 +0000,1183,386,296,487,306,116,65,121,696
f535df420396ec253dfe74d6339cae4cab6c442e,2026-03-24 20:50:42 +0000,1183,386,296,487,306,116,65,121,696
903340992e8973b2fd3e2f3d0d66b2189a0f11d5,2026-03-25 08:31:26 +0000,1183,386,296,487,306,116,65,121,696
ff09fec642d6e1d4fad04fd1801742265f24a8d8,2026-03-26 07:11:59 +0000,1183,386,296,487,306,116,65,121,696
3c6b4a42015cc1d8db97b55490ed3108ed46c380,2026-03-26 12:22:36 +0000,1183,386,296,487,306,116,65,121,696
58753960dbbfcc202aafbc47dc56ce742776ccc6,2026-03-26 17:19:59 +0000,1183,386,296,487,306,116,65,121,696
932fe777f6ce01cc59585f8edae99b9353604041,2026-03-27 18:24:25 +0000,1183,386,296,488,307,116,65,122,695
9fd242c5ae87c2ae3f2f4f00bfc7eb578ebdc013,2026-03-27 20:11:50 +0000,1183,386,296,488,307,116,65,122,695
2ef083e2f78d05ca7fbeffd8fa5c34a66f940027,2026-03-27 20:48:21 +0000,1183,386,296,488,307,116,65,122,695
1d3958ff73d057ab7c45f490663212158c5ebeb9,2026-03-28 00:44:34 +0000,1183,386,296,488,307,116,65,122,695
af7f277218bd4f2749f0beed40382fe9f2b6f3b9,2026-03-28 00:46:33 +0000,1183,386,296,488,307,116,65,122,695
67997059a1f86a5db45e8bfc8a475ef30919f25a,2026-03-28 13:36:38 +0000,1183,386,296,488,307,116,65,122,695
af9ad62e42b571e1ecb30981c2f8ba90cf623a80,2026-03-28 15:26:03 +0000,1183,386,296,489,307,117,65,122,694
e71b626e33c206c679d190866fa29e9f80d9c234,2026-03-29 03:05:26 +0000,1183,386,296,490,307,118,65,122,693
ac8fb08e4775e4349f7db4e35a32591d33fa19c1,2026-03-29 03:06:51 +0000,1183,386,296,490,307,118,65,122,693
699f6b9fa62a1106a96e28bee7a6f670c1df0ff0,2026-03-29 23:24:28 +0000,1183,386,296,490,307,118,65,122,693
b7e2a253c148d25c73fc80234fe5d885120bcfd5,2026-03-30 10:43:37 +0000,1183,386,296,490,307,118,65,122,693
78f924ea74e57e12bc88bd4cb95c70dbd9140715,2026-03-30 11:52:08 +0000,1183,386,296,490,307,118,65,122,693
fe437922a708bbd32b7296001618783837e6b2ca,2026-03-31 01:39:50 +0000,1183,386,296,491,307,119,65,123,692
b721b0f8631c382d18ea8e75fc790f37c6d53fcf,2026-03-31 13:48:06 +0000,1183,386,296,491,307,119,65,123,692
a9391895ffe27783218fe53f7e87830bd6db7384,2026-03-31 16:05:56 +0000,1183,386,296,491,307,119,65,124,692
739ecbbb700896ac189edccc6284a2761037b98c,2026-03-31 17:13:23 +0000,1183,386,296,492,308,119,65,124,691
a2da0d6c273f4ff51ebb73cd3a8c6461b5fe3b99,2026-04-01 09:25:03 +0000,1183,386,296,492,308,119,65,124,691
ace47a8bc81c1718020948a4973b808935ad4162,2026-04-01 16:57:57 +0000,1183,386,296,492,307,119,66,124,691
57a260bd025f099718f819dc5c7e3708c989a41c,2026-04-01 19:48:07 +0000,1183,386,296,493,308,119,66,124,690
282b2db4a9d0ec862babb35e4f84fec2f238ef44,2026-04-01 19:48:54 +0000,1183,386,296,494,309,119,66,124,689
3a1f2074e086f783e6125bb5a7fe8edf3c78f7d7,2026-04-01 20:21:48 +0000,1183,386,296,494,309,119,66,124,689
6bf0cbbe9a0917cdfc7e4856a3b3a2f8f8bb6891,2026-04-02 01:08:16 +0000,1183,386,296,494,309,119,66,125,689
24501fe7ed83b4ad9d09762c64251f4e73e8edb1,2026-04-02 05:38:01 +0000,1183,386,296,494,309,119,66,125,689
0d05e70b2017aba841c63d8c5c6ef322c805fc98,2026-04-02 07:26:05 +0000,1183,386,296,494,309,119,66,125,689
7c5e08428459cdcf565b640846af1a90dbc103c4,2026-04-02 15:36:29 +0000,1183,386,296,494,309,119,66,126,689
0563ccbce5c25a808c8515653fde3aee17a2d23c,2026-04-03 11:11:58 +0000,1183,387,296,494,309,119,66,126,689
26e48a83110d20cef060a431a8bc08a880ad8b7b,2026-04-03 14:38:07 +0000,1183,387,296,494,309,119,66,127,689
e6affdd2e9b484157b1629dbe059009ba6ed8a2c,2026-04-03 14:47:57 +0000,1183,387,296,495,310,119,66,127,688
4c7f34398ff864230d5ae44327e7a11c15512715,2026-04-03 17:12:38 +0000,1183,387,296,495,310,118,67,127,688
ba8cc614b78e0d8f4a1b69e539d7facb0b272b3c,2026-04-04 01:59:22 +0000,1183,387,296,495,310,118,67,128,688
ac0b99b04fc0948c7d8b27c4b47b9dd2a479790b,2026-04-04 19:23:50 +0000,1183,387,296,495,310,118,67,128,688
2ea0286f4bba256db2287f105399471a72959c5e,2026-04-04 19:36:14 +0000,1183,387,296,495,310,118,67,128,688
cd8efdd50034499a082cafa4c77d236e67606d63,2026-04-04 19:40:04 +0000,1183,387,296,495,310,118,67,128,688
33bfc47c2a61403064f77204a076fdf8af6615fa,2026-04-04 19:58:35 +0000,1183,387,296,495,310,118,67,128,688
567c9e8c977e81bbf317303fb6153a18ff19f4dc,2026-04-04 20:28:47 +0000,1183,388,296,495,310,118,67,128,688
7eaa7298d1ffc3069e61326ff4d7e9e1f6152519,2026-04-04 20:50:03 +0000,1183,388,296,495,310,118,67,128,688
bf109d8b519bc32c876094d87f87f2c2d58dc270,2026-04-04 20:56:45 +0000,1183,388,296,495,310,118,67,128,688
a14f1fb44ed05d80a99ba90b8bbd69074aab6a47,2026-04-05 02:47:30 +0000,1184,388,296,495,310,118,67,128,689
a78cab2bd3cd898a8d5fccb319812a921a42d34d,2026-04-05 02:52:16 +0000,1184,388,296,496,310,118,68,128,688
55d0d2058cd007576e87ff993f6ecd89481a709d,2026-04-05 15:03:58 +0000,1184,388,296,497,310,119,68,128,687
4ef97ebbbaa7de03758f1bba1f8a6ec39fd3303b,2026-04-06 12:42:56 +0000,1184,388,296,497,310,119,68,128,687
91f52c7c652ec55134c1b88f0bc6de0bd5930b9e,2026-04-07 04:17:42 +0000,1184,388,296,498,310,119,69,128,686
499b2efde88754189097a614b942e6e4152827b0,2026-04-07 11:46:50 +0000,1184,388,296,498,310,119,69,128,686
bcab81385a0ecc1d4d3768165a95d155a76a46c6,2026-04-07 14:48:13 +0000,1184,388,296,498,310,119,69,128,686
a1afd4fa1a331154c53743d951bde4913df1fcb3,2026-04-07 15:01:54 +0000,1184,388,296,498,310,119,69,130,686
54702f31aa583556b5526cc4795c3446e257d561,2026-04-07 15:02:27 +0000,1184,388,296,498,310,119,69,131,686
58b93abbee5e1f9ed14bdb7fc950b54f3caae001,2026-04-07 18:14:15 +0000,1184,388,296,498,310,119,69,131,686
4e67dfd9c1ebaa14a0c04ccbb1460b2bd76ae12f,2026-04-08 14:47:13 +0000,1212,388,296,504,310,119,75,131,708
725162a786c9882489d46d96e74f6ed7d10a95b8,2026-04-08 16:20:53 +0000,1212,388,296,504,310,119,75,131,708
facd717a191653c3958ad80b59af52e231238eed,2026-04-09 14:46:41 +0000,1212,388,296,504,310,119,75,131,708
0cd82c44796f68b5eee8484e8b91e30805e5efb5,2026-04-09 14:48:24 +0000,1212,388,296,505,311,119,75,131,707
8dc2f9867cdd64dbc62e3b999fc39ff26eefbbcc,2026-04-09 14:49:22 +0000,1212,388,296,506,311,120,75,131,706
f41883c5488630e14567f3d18cc5d49a313df571,2026-04-09 14:53:21 +0000,1212,388,296,509,311,122,76,131,703
c571abb3bb84695551a8f2476c268911af51f7f8,2026-04-10 06:18:08 +0000,1212,388,296,509,311,122,76,131,703
956b75a6fcb73cbb042c8b6c0d293b04c3e9b9df,2026-04-10 06:31:10 +0000,1212,389,296,509,311,122,76,131,703
7fec9a39db0103c7673b8934b227232dfb90637a,2026-04-10 17:02:45 +0000,1212,389,296,509,311,122,76,131,703
22d5e6841fb5bfcf8c677bd0b75628c398c51525,2026-04-12 00:21:47 +0000,1212,389,296,509,311,122,76,132,703
244074e75d81c28b3e8cc722d71a76d0f5bb32a0,2026-04-12 00:25:40 +0000,1212,389,296,509,311,122,76,132,703
9b43136768045f665280c97ca02dbb017b305a91,2026-04-12 00:27:12 +0000,1212,389,296,509,311,122,76,133,703
4c9ecf89e4feefd1381264077256cc5b22503d7f,2026-04-12 21:06:05 +0000,1212,389,296,509,311,122,76,133,703
e1e65a93ad7aa8afccb67b2ba46d4898dee823d1,2026-04-12 21:08:08 +0000,1212,389,296,509,311,122,76,133,703
b38d4668ebae19be70e71a99942e3874e118d2d3,2026-04-12 21:09:12 +0000,1212,389,296,509,311,122,76,133,703
6b6a60a0a4329fa76dcaef2179c9f9fb13a903ac,2026-04-12 21:09:56 +0000,1212,389,296,509,311,122,76,133,703
7d468409036a76dc2c80f271a04b37ef25debe2b,2026-04-12 21:11:10 +0000,1212,389,296,509,311,122,76,133,703
4a9ac05680a5195667bc42fa14e27e8932e37429,2026-04-12 21:32:07 +0000,1212,389,296,509,311,122,76,133,703
763e8182bd2097d2b530f1f40d181b89f4750172,2026-04-12 22:17:00 +0000,1212,389,296,509,311,122,76,133,703
d8a2420b5318085457cf19b3704e192d534e1b4c,2026-04-13 01:14:25 +0000,1212,389,296,509,311,122,76,133,703
a4b377647f85c10e2842b145bb4708df089f52da,2026-04-13 06:24:32 +0000,1212,389,296,509,311,122,76,133,703
7bf81d61c5d1d8e44046f7b7a310da69d8742a17,2026-04-13 07:42:05 +0000,1212,389,296,509,311,122,76,133,703
ec943bd5296bb9625b2e78d4c7f18f4adbabff7c,2026-04-13 08:16:01 +0000,1212,389,296,509,311,122,76,133,703
b347aaed0cbf39bbda01654a2073f8c42e2bc150,2026-04-13 08:22:42 +0000,1212,389,296,509,311,122,76,133,703
ff03dcdd1afea5632c68338ffe1fae9a3c271928,2026-04-13 08:33:32 +0000,1212,389,296,509,311,122,76,133,703
fc3bc9e128ce89f190e1bafa5b9b805d1f2547ab,2026-04-13 08:34:19 +0000,1212,389,296,509,311,122,76,133,703
a3bc4ae4e8c335837c3dbc6310a77aeb7fb65223,2026-04-13 08:39:40 +0000,1212,389,296,509,311,122,76,133,703
7389de55c2a0851d52e7c8c842857bab69cafe1b,2026-04-13 09:13:00 +0000,1212,389,296,509,311,122,76,133,703
4b1f2676c2ccc7b5f390cece088ba7adc7d506c6,2026-04-13 09:13:39 +0000,1212,389,296,509,311,122,76,133,703
68dd4598d8ef772799c56e63fe08ae61f053ce1e,2026-04-13 09:30:20 +0000,1212,389,296,509,311,122,76,133,703
ad08fcd5b9794970124916b0ee0f917979952633,2026-04-13 12:49:44 +0000,1212,389,296,509,311,122,76,133,703
c7bbc7d2ee085b0ad4df0f6ab464f9bf9eb3009f,2026-04-13 13:15:08 +0000,1212,389,296,509,311,122,76,133,703
441b61da497c22fbe4b69b6634482b2ec5fdc2b1,2026-04-13 14:47:49 +0000,1212,389,296,509,311,122,76,134,703
1306b417b18b257931247ec55613207fcd362b53,2026-04-13 14:49:11 +0000,1212,389,296,509,311,122,76,135,703
fa868cf894dbd909596fb0a8650e8f4da97437e6,2026-04-13 15:51:55 +0000,1212,389,296,509,311,122,76,135,703
034a6b264cc632f323266dceedb5d13bc86cdb90,2026-04-13 15:58:53 +0000,1212,389,296,509,311,122,76,135,703
2a734442fac89c5c8fff956676b73a5c5a67bf50,2026-04-13 16:34:05 +0000,1212,389,296,509,311,122,76,135,703
dc5f61555cc0a0266d95abe35b7e9f1048c5fa3a,2026-04-14 05:57:14 +0000,1212,389,296,509,311,122,76,135,703
da783eb42632fb7f1726fe2b0db653b1cf196459,2026-04-14 08:01:58 +0000,1212,389,296,509,311,122,76,135,703
c5f0c301447c97dd00c51184f4828c9ccb932f94,2026-04-14 15:31:02 +0000,1212,389,296,509,311,122,76,136,703
cd3f3b92d83d73055723df48980335a0343472e2,2026-04-14 15:31:47 +0000,1212,389,296,510,312,122,76,136,702
c519de863228d317ae3311cedaf90e95984f0104,2026-04-14 17:36:58 +0000,1212,389,296,511,313,122,76,136,701
df6efd68ed620066691381c526a15e244246aa59,2026-04-14 20:53:34 +0000,1212,389,296,511,313,122,76,136,701
ffdcfd20f7932b99d1cf7b0eccd8221e4c97ebc8,2026-04-15 04:18:46 +0000,1212,389,296,511,313,122,76,137,701
00b5c7e230262416bf096ff8c75dbc5c6178a6a8,2026-04-15 05:10:12 +0000,1212,389,296,511,313,122,76,137,701
f0122b9e5eb0bcbdb8ee837cda72ebb900393a0e,2026-04-15 07:21:23 +0000,1212,389,296,512,313,122,77,137,700
34d841fb962e5844971f753d07cc94c65b9ed4f2,2026-04-15 07:40:59 +0000,1212,389,296,512,313,122,77,137,700
24054b37f44cf693d558ea6cea89fb13c265d2ee,2026-04-15 14:00:53 +0000,1212,389,296,512,313,122,77,137,700
99a58d0c7f9ce525c4bf48d58268e36a12898645,2026-04-15 14:02:56 +0000,1212,389,296,512,313,122,77,137,700
c522b92371f3220e6bbc0ad50c959d349fbf3570,2026-04-15 14:03:09 +0000,1212,389,296,512,313,122,77,137,700
3e854a4ae38bf4c1ca7756eceb2936c6cb9f4ece,2026-04-15 15:00:36 +0000,1212,389,296,512,313,122,77,138,700
da87c9e095403d9d63431001bc2dd0f3b6dc814a,2026-04-15 15:35:15 +0000,1212,389,296,512,313,123,76,139,700
e6ca9dfc2f61f063e3339e58998fe2662b1b5813,2026-04-15 19:58:20 +0000,1212,389,296,512,313,123,76,139,700
febf58ef316b66ea154d65e2e69599adf3f2afc6,2026-04-15 20:56:41 +0000,1212,389,296,512,313,123,76,139,700
4a9fb6e5d19ec38c97fdd2c2d25a73cf6352ff64,2026-04-15 21:36:21 +0000,1212,389,296,512,313,123,76,139,700
4569f97ddb8b2a4f5fb9470f4babeaa2bb9939c1,2026-04-15 22:59:54 +0000,1212,390,296,512,313,123,76,139,700
2a37482fd043f18e82037864a71ab39ea0e301ce,2026-04-16 00:28:31 +0000,1212,390,296,512,313,123,76,140,700
b20d743922ab4acb263cf0759957572cc7a888ee,2026-04-16 07:02:07 +0000,1212,390,296,512,313,123,76,140,700
5deebb31b696bf74692f3a0378d8cf5fe4091c8d,2026-04-16 07:13:00 +0000,1212,391,296,512,313,123,76,140,700
06942743925443b61384751f4974af75653f7904,2026-04-16 07:14:41 +0000,1212,391,296,512,313,123,76,140,700
e79d77ae0b06825088322bb0d83fff3b19bee51b,2026-04-16 09:03:40 +0000,1212,392,296,512,313,123,76,140,700
3fa6ceebcc03040ac08eef78d52190fc91f30082,2026-04-16 12:08:09 +0000,1212,393,296,512,313,123,76,140,700
4f0e4de21fe917d7057bf6f5ca2323bc51dc241d,2026-04-16 16:07:37 +0000,1212,394,296,512,313,123,76,140,700
cb730a262e2d47043f401771a8702d2e8a48ec2d,2026-04-16 16:18:43 +0000,1212,396,296,512,313,123,76,140,700
f7af88df9b95afd73bdede40eea0a2dc6bfc1c10,2026-04-16 16:19:28 +0000,1212,396,296,512,313,123,76,140,700
802319fa49971f914fafaa7806d25d798de8863b,2026-04-16 17:09:04 +0000,1212,396,296,512,313,123,76,140,700
ec9e7984943c688f41ea05a1ea758b9ce7a66138,2026-04-16 17:09:56 +0000,1212,396,296,512,313,123,76,141,700
aa69a0bfe7d6dd2bfb9cfb260881400d493d366c,2026-04-16 17:45:57 +0000,1212,398,296,512,313,123,76,141,700
4528217a5e46c2b24f8b67e5a9fc3d21a84cae5d,2026-04-16 19:34:32 +0000,1212,399,296,512,313,123,76,141,700
3b205a98aa9b26f203ab544433dcfe794eda2478,2026-04-16 19:59:39 +0000,1212,400,296,512,313,123,76,141,700
57d8af3f8589f3acc253091e6d92714695d4375a,2026-04-16 21:34:50 +0000,1212,401,296,512,313,123,76,141,700
168a929b88cb774939f343152fa4ebe9716821f1,2026-04-17 05:54:58 +0000,1212,401,296,513,313,124,76,141,699
bb1abc38c21b330f58252a84914c6cf2bfa9147f,2026-04-17 06:20:29 +0000,1212,401,296,513,313,124,76,141,699
ba5b86157facd5dfcaf51a1da82f5882015f4fc8,2026-04-17 07:46:58 +0000,1212,401,296,512,313,123,76,141,700
6d2428a7d5141f048af214a1ee7e3011a1f61ea9,2026-04-17 09:03:04 +0000,1212,402,296,512,313,123,76,141,700
b1aea4cca0fd2ae376a1615e95b598f73798d956,2026-04-17 09:06:39 +0000,1212,403,296,512,313,123,76,141,700
fa82db1b9102a3cecd4529bb553b9bb92d0999c3,2026-04-17 12:56:12 +0000,1212,404,296,512,313,123,76,141,700
23a457329c32a48dbf871464a4fb61b31a215c8e,2026-04-17 20:03:01 +0000,1212,404,296,512,313,123,76,141,700
aaff037f5482ea8bb5b265f6d43eb1f3e811f55f,2026-04-18 15:05:32 +0000,1212,404,296,512,313,123,76,142,700
eb011e74b5c2707b490fa96f761c2916be8549ea,2026-04-18 21:20:17 +0000,1212,404,296,512,313,123,76,142,700
a001d8efd193bade1633d100d7687519f4729079,2026-04-19 03:28:10 +0000,1212,404,296,512,313,123,76,143,700
47e5f1a212cf12ce5e627a1b1b4f28aa9b6867a8,2026-04-19 16:08:07 +0000,1212,404,296,512,313,123,76,144,700
0e915bf4381c1becd9df6c5717a89e00589fa216,2026-04-19 16:11:22 +0000,1212,404,296,512,313,123,76,145,700
05399d63ee81b9e1a4dddbc6b6b8177fd45fbbfd,2026-04-19 19:40:56 +0000,1212,404,296,512,313,123,76,148,700
d859c6adc96b2dc07f50ba7c6e3f9cc089cfdb89,2026-04-19 22:52:26 +0000,1212,404,296,512,313,123,76,149,700
4229d63cffcaef91451303a84f9149a8b11a1d3f,2026-04-20 03:34:00 +0000,1212,404,296,512,313,123,76,150,700
efa03e77c111c65ddc0a69d1c2f9c511e214fcc5,2026-04-20 03:34:55 +0000,1212,404,296,513,313,123,77,150,699
440baced45347d8f21a5b4bbf4894f9899378f03,2026-04-20 10:20:03 +0000,1212,406,296,513,313,123,77,150,699
e27c9968a8a020a89a40579cabd73f7e7d999810,2026-04-20 16:11:57 +0000,1212,406,296,513,313,123,77,150,699
9a0f332c9e446107b5b4e6edac0aa9ec417a8521,2026-04-20 21:17:59 +0000,1212,406,296,513,313,123,77,152,699
0fab0e20b745b99093a09efd273841de53070b0a,2026-04-20 23:51:03 +0000,1212,406,296,513,313,123,77,153,699
9b4dae7c8bc9080d534e7203f842f72239df81d0,2026-04-21 06:57:00 +0000,1212,406,296,513,313,123,77,153,699
489859affd4ec00359b7bb454f305f841ad5300b,2026-04-21 18:08:45 +0000,1217,406,296,518,316,125,77,153,699
b8a51cc76494b88c39c7f81702c25d77dd6dc8e1,2026-04-21 23:05:58 +0000,1217,406,296,518,316,125,77,156,699
12b4cdae3cffd3e8f8317ae850d5e947a0ecedbc,2026-04-22 12:58:23 +0000,1217,406,296,518,316,125,77,156,699
531a02479cb819a5b52ea8135bbb3a06a04d0499,2026-04-22 19:13:50 +0000,1217,406,296,518,316,125,77,156,699
a032bbd2ef6600b78f346c236de0f4ede134d129,2026-04-22 21:21:44 +0000,1217,406,296,518,316,125,77,157,699
e3dbf51defab8b9d9b494b8c9f3ad43883184717,2026-04-23 11:57:11 +0000,1217,406,296,518,316,125,77,157,699
c09d03b38320da133f26334c340cca1149140bef,2026-04-23 15:07:26 +0000,1217,406,296,518,316,125,77,159,699
db886c1ea3fba409a1299a09cfbab51fd5253801,2026-04-23 20:37:05 +0000,1217,406,296,518,316,125,77,160,699
c1bd7dfa635dac3c802209b018741dbb0834f7be,2026-04-24 10:03:44 +0000,1217,406,296,518,316,125,77,160,699
8c11cd2c4d1c170ece1b7ca489982ef59f7ecf74,2026-04-24 10:08:37 +0000,1217,406,296,518,316,125,77,160,699
fed0803ffe0b8ec083508f03456003cb139a978a,2026-04-24 11:15:50 +0000,1217,406,296,518,316,125,77,160,699
70040c36c3d295a86bbf65629459a3c278fc1e70,2026-04-24 12:21:31 +0000,1217,406,296,518,316,125,77,160,699
3c138f21c7a2db97152452d96b3c5a4dad2a6135,2026-04-24 12:25:33 +0000,1217,406,296,518,316,125,77,160,699
d6025dc6c8ec8c76c0a606d9abbc48221074b539,2026-04-24 14:46:13 +0000,1217,406,296,518,316,125,77,160,699
b59fdb8ccd266b87269611f71d392e1ea3fd798b,2026-04-24 14:46:54 +0000,1217,406,296,518,316,125,77,160,699
0da574a53cf37db907d302f4df1fc52f2295a573,2026-04-24 15:00:43 +0000,1217,406,296,519,316,125,78,160,698
82510a2137a9d19d839bf5df664804510c76e19f,2026-04-24 15:01:26 +0000,1217,406,296,520,317,125,78,160,697
2d4a0ee6cdfc05101568727c8733aa2e7bde6345,2026-04-24 15:27:53 +0000,1217,406,296,520,317,125,78,160,697
4e6aa25fcaadfa7615b54baf7b1541e1b6eae190,2026-04-24 15:30:53 +0000,1217,406,296,520,317,125,78,160,697
08262a6b6e932af6851c22b578452cb0e83d6fa4,2026-04-25 07:01:59 +0000,1217,406,296,523,319,126,78,161,694
5cfa24eca05cb6788be3405e4e47b8b6857e2a69,2026-04-25 22:36:15 +0000,1217,406,296,523,319,126,78,162,694
8eb67608b672eed401f4e7ef673be80b68a7899c,2026-04-26 00:15:46 +0000,1217,406,296,524,319,127,78,162,693
2c792638560e60b83e14367b6bae647be57588b0,2026-04-26 21:15:33 +0000,1217,406,296,524,319,127,78,163,693
311c4fbfbcaf3072e860852d0bf7e1ad68779473,2026-04-26 22:41:08 +0000,1217,406,296,524,319,127,78,164,693
871757169e306a949b7a91cd80c4bcfc94fff8b5,2026-04-27 12:27:24 +0000,1217,406,296,524,319,127,78,164,693
5844c4e5ab51f3d62b0a11ee3bc639d4ab39b7ee,2026-04-27 12:27:44 +0000,1217,406,296,524,319,127,78,164,693
e5689fafc983f833c5ddf258bcf89ad5b93a951a,2026-04-27 14:42:46 +0000,1217,406,296,524,319,127,78,164,693
e10915fa22657766da022fb66584125e1362d363,2026-04-27 15:18:40 +0000,1217,406,296,524,319,127,78,164,693
7adde6d73d4feb778242dae10ba2d5259616b2d1,2026-04-27 17:11:50 +0000,1217,406,296,524,319,127,78,164,693
31b8440c5128c0fc52614e2e3762bee7817cff6e,2026-04-27 18:32:43 +0000,1217,406,296,524,319,127,78,164,693
f28276ce9da57d2e3e559304a42aed79c8c8909f,2026-04-27 19:48:57 +0000,1217,406,296,524,319,127,78,165,693
e28d8544377519ef31c47f2ec303a822dcc87d18,2026-04-27 21:46:07 +0000,1217,406,296,524,319,127,78,165,693
846e9fe4b84128cd7aad35edf9927f354b9f51d4,2026-04-27 21:59:31 +0000,1217,406,296,524,319,127,78,165,693
bbd8389e6d8bf586414dcc4a4bb3cb0dca804d63,2026-04-28 09:56:50 +0000,1217,406,296,524,319,127,78,165,693
ffec622c791d97dc8ad4c32ebdd8f40b415446cd,2026-04-28 13:57:30 +0000,1217,406,296,524,319,127,78,165,693
c28ae22a91a3574f7daead65b6f8a3659ca9f881,2026-04-28 15:16:21 +0000,1217,406,296,524,319,127,78,165,693
59c6b36b04d06e72ce2474060522acbf0c82bf48,2026-04-28 15:22:09 +0000,1217,406,296,524,319,127,78,165,693
b45077dd0ab1d49edeb7b9cc7b056aa975355931,2026-04-28 15:41:21 +0000,1217,406,296,524,319,127,78,165,693
ab715ebd5323bc2d679e5231a2a7eaffd58bb1eb,2026-04-28 15:45:56 +0000,1217,406,296,524,319,127,78,165,693
094d2733f7005ee8da9a1661e99bdeed4d5d08d9,2026-04-28 15:55:38 +0000,1217,406,296,524,319,127,78,165,693
86b28a5775345f435261454b29ef9841c774f16c,2026-04-28 16:29:45 +0000,1217,407,296,524,319,127,78,165,693
2fd67a5b4c4cd014ab76c352f4e5704b28c863b3,2026-04-28 17:10:58 +0000,1217,407,296,524,319,127,78,165,693
53b6426f99440e6011a781a966e98f2eb3637722,2026-04-28 17:36:10 +0000,1217,407,296,524,319,127,78,165,693
be700ef848d607b0b43c078d28aeeaea437c784a,2026-04-28 17:37:09 +0000,1217,407,296,524,319,127,78,165,693
d0960c0cabb5a899efb021d2af0ddd37b1cf5c9f,2026-04-28 17:42:25 +0000,1217,407,296,524,319,127,78,166,693
4cdc822cb4e0a2153c9d30741dd63d07f5d5c779,2026-04-28 17:43:10 +0000,1217,407,296,524,319,127,78,166,693
b33233a77ddc36f78e877a53f298856e8e4a41dc,2026-04-28 18:55:23 +0000,1217,407,296,525,319,127,79,166,692
db6f18f665691f8cd1446b10400b7784fd36341a,2026-04-28 21:47:41 +0000,1217,407,296,525,319,127,79,166,692
74facea8c703a61dac164e2ad344b0e7d447d2d4,2026-04-28 21:48:24 +0000,1217,407,296,525,319,127,79,166,692
ab46a140d05526a65010112c8aa8b9747a689cf1,2026-04-28 22:42:09 +0000,1217,407,296,525,319,127,79,167,692
946b3c170de36157966c2e43c850790d977dfed0,2026-04-29 08:07:23 +0000,1217,407,296,525,319,127,79,167,692
095a1bd65120cc15ec23fb16891f04c0d98f78d3,2026-04-29 11:31:21 +0000,1217,407,296,525,319,127,79,167,692
33526084990d08b3dbd439cc1f81896791373317,2026-04-29 11:32:55 +0000,1217,407,296,525,319,127,79,167,692
5f974cd3125a7850201e6eec5c948ca14aa219f9,2026-04-29 12:13:26 +0000,1217,407,296,525,319,127,79,167,692
d4b5be06ecb9919f479d3918d856604e39ec5a84,2026-04-29 13:45:07 +0000,1217,407,296,525,319,127,79,167,692
3dace7d0ac498ccfeb9a7e21d0529249a2c7f053,2026-04-29 14:15:45 +0000,1217,407,296,525,319,127,79,167,692
083f1b92fc581885792efcdeca51b21fad885c69,2026-04-29 19:13:08 +0000,1217,407,296,525,319,127,79,167,692
93715aa7d319e308e8c80d946b2e4a72660b3b87,2026-04-30 09:13:04 +0000,1217,407,296,525,319,127,79,167,692
672e9ef25d860ea0fae5c7dda307268f108b413f,2026-04-30 10:48:13 +0000,1217,407,296,525,319,127,79,167,692
dbe15e921dead72d4715ab3d8718b7d97ca9f224,2026-04-30 10:48:31 +0000,1217,407,296,525,319,127,79,167,692
833a67ed1e45edf149f63b454ddde2300eb8e039,2026-04-30 13:18:53 +0000,1217,407,296,525,319,127,79,167,692
4aab8b43f37c8ef5c53471e981fdedfbf7c5450c,2026-04-30 15:17:55 +0000,1217,407,296,525,319,127,79,167,692
b34074fa018ec21944954927312d99f8e8c1d041,2026-05-01 10:39:40 +0000,1217,407,296,525,319,127,79,167,692
801f4dcf980b6c0b9986f4f709373559c01c7b9d,2026-05-01 10:56:23 +0000,1217,407,296,525,319,127,79,167,692
73e4ac5eef6a298d15ab80144f8e20e4bceaedfb,2026-05-01 11:28:32 +0000,1217,407,296,525,319,127,79,167,692
a9762560e8d63d7d09d9cf663cd5828cdc5583be,2026-05-01 11:59:16 +0000,1217,407,296,525,319,127,79,167,692
2afa0db2de8da4611c0ec846a9c74e8c8f501770,2026-05-01 12:03:04 +0000,1217,407,296,525,319,127,79,167,692
7a28648dbc95de01be00868db08da352e43bcb20,2026-05-01 12:38:56 +0000,1217,407,296,525,319,127,79,167,692
b2de5c4b114ce03e01cdf43aa00f27ada4566757,2026-05-01 14:04:50 +0000,1217,407,296,526,320,127,79,168,691
e503b7ab70f2101100d84f04ae12c9867a1f3fb7,2026-05-02 08:11:42 +0000,1217,407,296,529,320,127,82,169,688
66525dd2516be9740f52d1ae939ff291faaedeab,2026-05-02 09:35:55 +0000,1217,407,296,530,320,127,83,169,687
db735888f0e007521086ec8d993113132a88cdaf,2026-05-02 12:07:43 +0000,1217,407,296,530,320,127,83,169,687
819f8c9180686f41d8037cf3286c789633b41f53,2026-05-02 12:08:19 +0000,1217,407,296,530,320,127,83,169,687
30c23152b375079405274055fd43d809f2b23011,2026-05-02 12:08:45 +0000,1217,407,296,530,320,127,83,169,687
58dd6750ad3bcba99a4f8c9ae1a5c501f87658e6,2026-05-02 13:32:24 +0000,1217,407,296,530,320,127,83,169,687
66acab6dd442aedb2724d0d448344b94a14bae34,2026-05-03 11:25:25 +0000,1217,407,296,530,320,127,83,169,687
31072e0fd9b077f206272eb8d628210bfb5ce1cc,2026-05-03 13:54:49 +0000,1217,407,296,530,320,127,83,169,687
1447b2212d9a126c9275159ccdb978396dcb1fb9,2026-05-03 17:41:55 +0000,1217,407,297,530,320,127,83,169,687
c3fd394122a2f3870f83a3eabc6e541de6929df7,2026-05-03 17:47:26 +0000,1217,407,297,530,320,127,83,170,687
74dedd0cbc2bfe9cf07b9c2f56d0defa6f642e9c,2026-05-03 19:10:37 +0000,1217,408,297,530,320,127,83,170,687
2176806b3f20e5d17c1a366678c1e00260dc6cde,2026-05-03 20:11:27 +0000,1217,409,297,530,320,127,83,170,687
03fd6c8050296365c681638f4b498fd0021a052a,2026-05-03 20:38:49 +0000,1217,409,297,530,320,127,83,170,687
4ea762de72774e413804595d13e0fc80c6f1849b,2026-05-04 02:41:29 +0000,1217,409,297,530,320,128,82,170,687
d3cb82c1aec71450aadcf4ccac4e2cb42c5e4da3,2026-05-04 05:13:06 +0000,1217,409,297,530,320,128,82,170,687
921eaacf7ca6834d190fc68e6a7cd19596dd18cc,2026-05-04 05:15:26 +0000,1217,409,297,530,320,128,82,170,687
13715978f939fa24aa6be017145215465f540699,2026-05-04 05:17:09 +0000,1217,409,297,530,320,128,82,170,687
8a44eb1b87c5eeec33afd5c86852e631d4cd791c,2026-05-04 09:34:50 +0000,1217,409,297,530,320,128,82,170,687
db6090fee1286f77792a942679a0e3d76af35d25,2026-05-04 11:18:47 +0000,1217,410,297,530,320,128,82,170,687
e1f22b2f7e4e76ef9eb519990bb9b8ce7e49a5e3,2026-05-05 09:54:52 +0000,1217,410,297,530,320,128,82,170,687
7c4463372d1f23774028dccfaa9e2018b021a967,2026-05-05 12:26:31 +0000,1217,410,297,530,320,128,82,170,687
4b2fe7cbcf683bfdddf1d5da3d23929066881cee,2026-05-05 13:57:34 +0000,1217,410,297,530,320,128,82,170,687
03228654f0b05383084b3c461b1cfed9dcd03620,2026-05-05 15:52:19 +0000,1217,410,297,530,320,128,82,170,687
f34aaddc9f31d5a1ded227cac41a778236c66918,2026-05-05 16:11:57 +0000,1217,410,297,530,320,128,82,170,687
640db2b0df6e2bc214a458a7507c69e0ba82f697,2026-05-05 18:07:53 +0000,1217,410,297,530,320,128,82,170,687
471b381eb29da7e1fafbe86c0a1b15bbbc010374,2026-05-05 20:39:21 +0000,1217,410,297,530,320,128,82,170,687
cec94cbe3a42db874525215d3e2bb7e3132971de,2026-05-06 05:06:01 +0000,1217,410,297,530,320,128,82,170,687
c0b1611198460cd4c5d91fb0c0f19ef2485a57d0,2026-05-06 09:00:14 +0000,1217,410,297,530,320,128,82,170,687
2f62645d08c9aa98f4b17596755cbab8c971d8b8,2026-05-06 10:01:46 +0000,1217,410,297,530,320,128,82,170,687
fc8f272064b79db1ba6cbaffd3fe5df9c429703e,2026-05-06 10:26:27 +0000,1217,410,297,530,320,128,82,170,687
c616a5b01cfb2a526dce0fa7d1d92183e9277201,2026-05-06 12:28:09 +0000,1217,410,297,530,320,128,82,170,687
bd3cfa80065851509f2bec5a513ed46493381e71,2026-05-06 21:54:58 +0000,1217,410,297,530,320,128,82,170,687
8137689d5523a1e390d4117065b574d4cbc44453,2026-05-07 08:34:44 +0000,1217,410,297,530,320,128,82,170,687
184fab551643009fa11b2c2f71366f1498012606,2026-05-07 13:56:22 +0000,1217,410,297,530,320,128,82,170,687
8eebfe7200692fa58f4180a7d00320a61e4cfa66,2026-05-07 14:03:26 +0000,1217,410,297,530,320,128,82,170,687
32b8b5fbed03abf8e8f1c92b2486a3937ce7cf2f,2026-05-07 15:14:52 +0000,1217,410,297,530,320,128,82,170,687
32f19217738d76f4b57dbe8f8f8c67f4b567ff1f,2026-05-07 15:28:48 +0000,1217,410,297,530,320,128,82,170,687
4ee363682d3cb2e4e5e09d907d1755b4d91fbecd,2026-05-07 16:09:20 +0000,1217,410,297,530,320,128,82,170,687
123ea5c1dd67956db53113d02e20f3598dcd7d4d,2026-05-07 17:15:46 +0000,1217,411,297,530,320,128,82,170,687
95df90603dd428332b12ab7b7e6820ae0f0a94c5,2026-05-07 17:41:10 +0000,1217,411,297,530,320,128,82,170,687
d76ce2f7d0987cbb9b7d28b3501d421ceaa239ff,2026-05-07 18:04:33 +0000,1217,411,297,530,320,128,82,170,687
20c99609f22781acceae06cfd5caf3628f8ba0dc,2026-05-08 06:12:16 +0000,1217,411,297,530,320,128,82,170,687
74ab15f7b45bfe78d76606f057235c7db5c83753,2026-05-08 09:01:03 +0000,1217,411,297,530,320,128,82,170,687
ff769afac32afbd8bfd3ec31c4c0b3bbe40b6142,2026-05-08 09:45:13 +0000,1217,411,297,530,320,128,82,170,687
566c16e34f84c9e8c792f07da6c64516f7cb0c84,2026-05-08 10:28:30 +0000,1217,411,297,530,320,128,82,170,687
9b420a235381f1da43886e1e7ad801ae968ae734,2026-05-08 15:33:22 +0000,1217,411,297,530,320,128,82,170,687
d4da1217acfd76fe59b4cb6727a75831c3cdb3b3,2026-05-09 00:16:47 +0000,1217,411,297,530,320,128,82,174,687
0756bfa228c3b4af2d736015bcb668a73aff5f03,2026-05-09 08:20:47 +0000,1217,412,297,530,320,128,82,174,687
3993d6a6bdf771559d7b5b851f2607ae73c68a7d,2026-05-09 09:06:18 +0000,1217,413,297,530,320,128,82,174,687
bdd9b51799f5772e33982384d0b6886836379a12,2026-05-09 12:03:41 +0000,1217,413,297,530,320,128,82,174,687
306a8d81db4a7c390f7a433b922ed6b6462af76a,2026-05-09 19:46:24 +0000,1217,413,297,530,320,128,82,174,687
1aca111f0deb3509fe0277f03f933b1f8ab0ca82,2026-05-09 20:02:42 +0000,1217,413,297,530,320,128,82,174,687
aa20f2e83ad24417aad37553675d647432dc1217,2026-05-10 12:56:23 +0000,1217,413,297,535,320,128,87,174,682
36dce9d48f5969392dea5fc0150cfccd392063dd,2026-05-10 20:14:27 +0000,1217,413,297,535,320,128,87,174,682
9581a05b9ddbe97a7a2be3559c8796447a0286b0,2026-05-11 00:36:29 +0000,1217,413,298,535,320,128,87,174,682
93372ee6f1ee441761569f581cd0ba44d56fa5f8,2026-05-11 00:40:46 +0000,1217,413,298,535,322,130,83,176,682
2d892eb16ca42f4bb6aa7ae74ab5e56a12d5c28b,2026-05-11 06:25:21 +0000,1217,413,298,535,322,130,83,176,682
e55165b0c1ecaefb03b5ef6f7fd6e27f95d55708,2026-05-11 07:26:31 +0000,1217,414,298,535,322,130,83,176,682
024240e8fea3ffa27a72b805362119972282692d,2026-05-11 07:50:03 +0000,1217,415,298,535,322,130,83,176,682
ffa1eeb25ee8eb38851c61723fef6640384003a1,2026-05-11 12:27:18 +0000,1217,416,298,535,322,130,83,176,682
96e71d61b755ce09a53c26752aec64d801bdb2f0,2026-05-11 13:40:50 +0000,1217,416,298,535,322,130,83,176,682
179949ef3b5e1a7cf81aaab31c2c98653ae79b1c,2026-05-11 15:41:30 +0000,1217,416,298,535,322,130,83,176,682
0391a6bb60edb965d610ab5cb4b058f0b3b8c490,2026-05-11 17:49:09 +0000,1217,416,298,535,322,130,83,176,682
25d1dc187c9c760bd984a4382144acb0b4bc440d,2026-05-11 19:08:57 +0000,1217,416,298,535,322,130,83,176,682
efde8bb3a8873bdcae90d4e11f239bf5f4ff7254,2026-05-12 05:13:31 +0000,1217,417,298,535,322,130,83,176,682
adb32a1fae2050257dd441c84cb7afd78ec614d6,2026-05-12 05:15:09 +0000,1217,417,298,535,322,130,83,176,682
3c797838999659f790be9626d11f220089ced995,2026-05-12 07:52:42 +0000,1217,417,298,536,322,130,84,176,681
0b78431d705d3a3f4addd6b04ea02e6b85affba5,2026-05-13 08:51:29 +0000,1217,417,298,536,322,130,84,176,681
c5ed06764a745b1d3b35439e48f7e0eb01062a38,2026-05-13 08:59:04 +0000,1217,417,298,536,322,130,84,176,681
75332388a1086f9155a503658d80935fc2a803b4,2026-05-13 09:22:02 +0000,1217,417,298,536,322,130,84,176,681
db0f3c1994921d1624a4e31d0e534cdc94671f23,2026-05-13 09:33:21 +0000,1217,417,298,536,322,130,84,176,681
b2a96a64ab69378a51f96721a4fd95cc44bc4082,2026-05-13 10:17:49 +0000,1217,417,298,536,322,130,84,176,681
6fa5ca314e62255deafbec5a896451c43ccb83c2,2026-05-13 10:32:35 +0000,1217,418,298,536,322,130,84,176,681
8cde6e38259fefe06b35e6628e8ce0ebaa05a669,2026-05-13 10:44:23 +0000,1217,418,298,536,322,130,84,176,681
d46d4ebbd130cb3c9e9f6d7ddd068e9103e6c14d,2026-05-13 14:07:13 +0000,1217,419,298,536,322,130,84,176,681
18b2ef56f8cf0443572b637a789ace5203e57766,2026-05-13 14:07:53 +0000,1217,419,298,536,322,130,84,176,681
440feba5e55e4e30051367a3245420fbe0a33b04,2026-05-13 14:09:54 +0000,1217,419,298,536,322,130,84,176,681
dfcbf8f5121fad90dbf61bbaa72272c0d53bb4d6,2026-05-14 01:18:19 +0000,1217,419,299,538,323,130,85,179,679
edaf43962a93c09acbf3d6d9e62bfcf047ebbbce,2026-05-14 01:23:17 +0000,1217,419,300,538,323,130,85,179,679
cf3a550e7dab7b54127637ceb30b2320248af43e,2026-05-14 01:24:50 +0000,1217,419,304,538,323,130,85,179,679
9c355f0a8c01e87f8ce5d0ab7ac30cc9bb0efab3,2026-05-14 01:25:59 +0000,1217,419,306,538,323,130,85,180,679
04cfc38c0644f1c8a848b26865f36b7bd761a9b6,2026-05-14 01:26:16 +0000,1217,419,306,538,323,130,85,180,679
79a490a5ca4c47aa73a4540f391338966f39aa95,2026-05-14 13:30:19 +0000,1217,419,306,538,323,130,85,180,679
3e84ac3c2f1d4ba2cf48bc355e636f7606f69378,2026-05-14 13:32:01 +0000,1217,419,306,538,323,130,85,180,679
09fae6b51879a6fc458855e5a07b44fc2009742e,2026-05-14 13:38:58 +0000,1217,419,306,538,323,130,85,180,679
6449dc4ce5518de838ea053d20028fad7e24bfa8,2026-05-14 13:51:51 +0000,1217,419,306,538,323,130,85,180,679
d57235aa1e77894b831b06b8a976bf1e9b73a90a,2026-05-15 11:06:35 +0000,1217,420,306,538,323,130,85,180,679
050780565e214062f26f8fff556f97815b62c551,2026-05-15 13:10:13 +0000,1217,420,306,538,323,130,85,180,679
3b8854beacf29228e96ed3074345d06d94d4994f,2026-05-15 13:37:48 +0000,1217,420,306,538,323,130,85,180,679
01733f55217e0a4e6ab6bd8188ea665adb9a55ab,2026-05-15 14:58:40 +0000,1217,420,306,538,323,130,85,180,679
4d2478d37cc2dc5bf19456f9fb7ca45fca02ce8d,2026-05-15 20:54:02 +0000,1217,420,306,538,323,130,85,180,679
dd358d088276116975e72cb5d3c513122bc09c82,2026-05-16 11:29:30 +0000,1217,420,306,538,323,130,85,182,679
04c95e0ea1ba358e0b55b4c7199e71835880e934,2026-05-16 11:30:04 +0000,1217,420,307,538,323,130,85,182,679
65f8577d797251c5185930cf93da505674e0c8ca,2026-05-16 11:31:27 +0000,1217,420,311,538,323,130,85,182,679
fd620c0e0780566db6d274aee2edf5c4a848c9c7,2026-05-16 11:34:27 +0000,1217,420,311,538,323,130,85,183,679
5faeedd2b1ccf54037eec121b283dbbcc7685862,2026-05-16 12:10:43 +0000,1217,420,311,538,323,130,85,183,679
cd20955ac203469013b94437b68b99f4274ed05f,2026-05-17 11:25:05 +0000,1217,420,311,538,323,130,85,183,679
2f058cff56e014bf37a610f29c8aec8f5641828b,2026-05-17 13:34:32 +0000,1217,420,311,538,323,130,85,183,679
4f388499076a9cb1e21b2c24246138e63a287697,2026-05-19 07:04:55 +0000,1217,420,311,538,323,130,85,183,679
b65f8658bf05a710620ccff41ad37c229c0fe150,2026-05-19 21:32:36 +0000,1217,420,311,538,323,130,85,183,679
e398a5a28a9dde3ecccb077dec614711c2d09e82,2026-05-20 13:54:32 +0000,1217,420,311,538,323,130,85,183,679
db02b6631aab1ef6bb7522eb3adebe730ba996bf,2026-05-20 14:36:45 +0000,1217,420,311,538,323,130,85,183,679
d88be07500ee99d55b25c98b8e7065283fd7a125,2026-05-20 17:04:25 +0000,1217,420,311,538,323,130,85,183,679
6c2fff9fe44b539d28c5c67b17782d5ad0ebf08a,2026-05-20 19:05:51 +0000,1217,420,311,539,323,131,85,183,678
6294b04595d539b9cea10d58c81260d49bfd6812,2026-05-21 09:46:07 +0000,1217,421,311,539,323,131,85,183,678
2fc686173486a70ab2eca03e445e488126d78d65,2026-05-21 15:12:01 +0000,1217,422,311,539,323,131,85,183,678
c6b95b9b3f58a5546ca090eb8935b8ef3ba6bfe8,2026-05-21 16:21:59 +0000,1217,423,311,539,323,131,85,183,678
72e2b28d90698cb03388c646052e6cc2a7beddf9,2026-05-21 18:27:59 +0000,1217,424,311,539,323,131,85,183,678
29393fb1128e6684a505dc9345dd75cdd39c4549,2026-05-21 20:58:11 +0000,1217,424,311,540,323,132,85,183,677
3229b93e0eb977a6521ccfa0942e543812e414ca,2026-05-22 06:24:43 +0000,1217,424,311,540,323,132,85,183,677
3b0345cbab350458076c0aa43bdf38939814beaf,2026-05-22 09:58:53 +0000,1217,424,311,540,323,132,85,183,677
fd1b54cd4af3e46b7cd2b29f6a1e382ecc1d68e3,2026-05-22 11:55:57 +0000,1217,424,311,540,323,132,85,183,677
b796b2717dadb8faeef167c60bde3c5625c55170,2026-05-23 21:39:08 +0000,1217,425,311,540,323,132,85,183,677
adce1b5821bc938f60abb656df8a78d964f21633,2026-05-25 11:05:50 +0000,1217,426,311,540,323,132,85,183,677
3e7972a2d24e96ec879df8f3052789394e54e65b,2026-05-26 04:57:15 +0000,1217,426,311,540,323,132,85,183,677
f967f1f740d4a1f15a5ceec5d3ac9594c7227411,2026-05-26 05:49:51 +0000,1217,427,311,540,323,132,85,183,677
14390e7db058b0e596b5d303d1d450d3a505d005,2026-05-26 06:55:17 +0000,1217,428,311,540,323,132,85,183,677
3041b22347415649b4cba08121a87317e3fb7c67,2026-05-26 09:20:14 +0000,1217,428,311,540,323,132,85,183,677
85b00a6c01502e2091894b7aab40b9ad144d2cb4,2026-05-26 10:33:46 +0000,1217,429,311,540,323,132,85,183,677
08c40278e37bfda83372619705f62bacf361bde3,2026-05-26 20:26:09 +0000,1217,429,311,540,323,132,85,183,677
a9fb58a7cfe9c3cfcf47ffc9a23da3964f50d2ad,2026-05-27 05:49:43 +0000,1217,429,311,540,323,132,85,183,677
9c44cce11b11596c3e797bca3beab500e1034e77,2026-05-27 06:43:10 +0000,1217,429,311,540,323,132,85,183,677
687928e38dfbae67c27250c953f5d78a02168656,2026-05-27 08:57:36 +0000,1217,429,311,540,323,132,85,183,677
55e38f159e0e712893a2b7b14bf3132cecb6b2b0,2026-05-27 11:03:09 +0000,1217,429,311,540,323,132,85,183,677
62c35a1f6a46194bfdd25e14e87fdb4795799cca,2026-05-27 11:24:30 +0000,1217,429,311,540,323,132,85,183,677
384f1f234eecdc3902a12ebe71f304993dd4817e,2026-05-27 11:25:43 +0000,1217,429,311,540,323,132,85,183,677
97a9bd2387cfaa190b439e5b0070bda9ef5b6c59,2026-05-27 15:36:46 +0000,1217,429,311,540,323,132,85,183,677
302ccbaa6d142f90d71cf541862a9b91d0fcb521,2026-05-27 21:25:02 +0000,1217,429,311,540,323,132,85,183,677
d093f280f7013173317297e802f6ed768a50d421,2026-05-28 06:54:48 +0000,1217,429,311,540,323,132,85,184,677
6d0ec9c0aaeb3b1830ab66bc2727578eb1978743,2026-05-28 06:55:37 +0000,1217,429,311,542,323,132,87,184,675
5bb1114a219699e03ec3d0ffcf7256a0095cb4b9,2026-05-28 06:59:32 +0000,1217,429,311,543,323,132,88,184,674
967c87673cb718a6013135964759167f32c05160,2026-05-28 08:18:43 +0000,1217,429,311,543,323,132,88,184,674
0e9574b02a980d23886590c5dda640baa4233c3a,2026-05-28 11:46:25 +0000,1217,429,311,543,323,132,88,184,674
c5130472950e7c701c4256c5b3638ec0a7a2d6a5,2026-05-28 12:34:55 +0000,1217,429,311,544,324,132,88,184,673
c71c9bb5effea93cb9043de0e3829785c9366715,2026-05-28 13:40:43 +0000,1217,429,311,544,324,132,88,184,673
11a45e8c0b42fb51fe524835b476ab5ee0d1afa1,2026-05-28 16:16:54 +0000,1217,429,311,544,324,132,88,184,673
a7dbac83721b92e68f4863a9b4a8d844f79e3ef1,2026-05-28 16:50:40 +0000,1217,429,311,544,324,132,88,184,673
f6246434233bd3c5f66cc8bfa8fa22e755081cfc,2026-05-28 23:07:13 +0000,1217,429,311,544,324,132,88,184,673
25037039d957846b929704c29748968bd05a57a1,2026-05-29 06:06:22 +0000,1217,429,311,544,324,132,88,184,673
13f430ae8b3fc9b6a9eaea4554b0ff877b750079,2026-05-29 08:55:11 +0000,1217,429,311,544,324,132,88,184,673
196d8464201015a77f5552fc3c96a0be8991a28a,2026-05-29 13:01:49 +0000,1217,429,311,544,324,132,88,184,673
7e576becea48a6970fbf1eb090972a9ca0efeacc,2026-05-29 15:15:06 +0000,1217,429,311,544,324,132,88,186,673
23081539269cec59fcf552256ac1aac5c4bae958,2026-05-29 16:01:31 +0000,1217,429,311,544,324,132,88,186,673
ce5ee8ea928acc83116c66cd4c424f9079cd3e83,2026-05-29 19:53:19 +0000,1217,429,311,545,324,133,88,186,672
40a223cd56a6e6b5fa4423ec2e71a92e69b440ec,2026-05-29 19:54:42 +0000,1217,429,311,544,324,132,88,186,673
29539427bb35675438ee9a16708ad88be49cf283,2026-05-30 12:30:42 +0000,1217,429,311,544,324,132,88,186,673
4a452860c2a4066c7dc868fe785af41454408104,2026-05-30 12:32:26 +0000,1217,429,311,544,324,132,88,186,673
f3a988054325ef1cf67187e655011e747476c231,2026-05-30 13:18:53 +0000,1217,429,311,544,324,132,88,186,673
fff1d7ffffe0904e0488ee8993f94fbb2e913928,2026-05-30 14:34:21 +0000,1217,429,311,544,324,132,88,186,673
8c46c2348a6ac809b5276764b380786bf87b200b,2026-05-30 14:41:23 +0000,1217,430,311,544,324,132,88,186,673
6629f5cd09116661f650e256418074e12c2bfd27,2026-05-30 21:13:40 +0000,1217,430,311,544,324,132,88,186,673
949a39046967852299d0ad62c425dc641d77781f,2026-05-30 21:45:08 +0000,1217,430,311,544,324,132,88,186,673
b21eae56619c744d405ea9effbb5076890575b9e,2026-05-31 15:07:32 +0000,1217,430,311,544,324,132,88,186,673
655eb1760117cc9f4ca0b193e3b301a3851d501d,2026-05-31 15:46:26 +0000,1217,430,311,544,324,132,88,186,673
5e74a7d6dfab94a7596df552326a20e4fc0a7d96,2026-05-31 16:21:40 +0000,1217,430,311,544,324,132,88,186,673
cd0ae7bbec58f202a6477d421b654a727c88fba5,2026-05-31 20:10:57 +0000,1217,430,311,544,324,132,88,186,673
bf15acde99a8922b2f107da920866620ceb6d0ca,2026-05-31 20:13:28 +0000,1217,430,311,544,324,132,88,186,673
adcff26dd261122442f9eefe25600b18e3290faa,2026-05-31 20:13:52 +0000,1217,430,311,544,324,132,88,186,673
c2df744b9de2ef9649a9a8eea3849f38c9414cd2,2026-05-31 20:14:49 +0000,1217,430,311,544,324,132,88,186,673
afacaaacc07d80541d0bbcb9f6371c8e35eddbae,2026-05-31 20:15:20 +0000,1217,430,311,544,324,132,88,186,673
14cdb36aae56bb305453953b1c4810e6adb7f0b5,2026-06-01 05:44:19 +0000,1217,430,311,544,324,132,88,186,673
c54b4ae1040df8fb9b84cef1958aac0b64604641,2026-06-01 09:08:39 +0000,1217,430,311,544,324,132,88,186,673
d947032dd5325ed0a99027e8f844619f01d7dbfb,2026-06-01 12:15:47 +0000,1217,430,311,544,324,132,88,186,673
944b2e8478e729e7d5fbdcce0209a9bbb3cd61d4,2026-06-01 12:25:11 +0000,1217,430,311,544,324,132,88,186,673
df773291847f3a00af4cfec30a76af27bc88a249,2026-06-01 17:26:58 +0000,1217,430,311,544,324,132,88,186,673
58aa806e27f195439e9110f2a9de05d3ce2dd981,2026-06-02 08:04:28 +0000,1217,430,311,545,324,132,89,186,672
e81ad3a25eaf855897e76f44aad1a7e44a42a244,2026-06-02 10:13:29 +0000,1217,430,311,545,324,132,89,186,672
1d3d39efe5cf01bb523144a56ef1bdee98404812,2026-06-02 13:32:54 +0000,1217,430,311,545,324,132,89,186,672
56881b5d94cd2ade2b7913e7b2015dd54b09cfb8,2026-06-02 19:42:25 +0000,1217,430,311,545,324,132,89,186,672
68cf830ebb59b8c941f0c07ee5e86141de16c029,2026-06-03 12:42:23 +0000,1217,430,311,545,324,132,89,186,672
c470ff80bc409336761712a477432a143e5a7216,2026-06-04 09:33:33 +0000,1217,430,311,545,324,132,89,186,672
fef221ab2dceced4e464bad2f76787ea7a2fc5b2,2026-06-05 10:39:55 +0000,1217,430,311,545,324,132,89,186,672
1903d2cf8a8dd399316d06492cb881c5574ef36d,2026-06-05 18:55:29 +0000,1217,430,311,545,324,132,89,186,672
350c521bd45292ddcdb751e86604a652c68558c5,2026-06-06 13:48:36 +0000,1217,430,311,545,324,132,89,186,672
282a34dbd6ee37388fe78907993ed3aef2d2f063,2026-06-07 12:01:22 +0000,1217,431,311,545,324,132,89,186,672
2c5dcc7324bbf3f54aeef1e4ac713d7bd9e7bacd,2026-06-07 12:13:23 +0000,1217,432,311,545,324,132,89,186,672
76e3dcfbe9b57b4e6555d7b53679bee8e3b02bae,2026-06-07 12:53:59 +0000,1217,432,311,545,324,132,89,186,672
54f77c0db4817f602831d78b21f398e7364554f6,2026-06-07 12:54:59 +0000,1217,432,311,545,324,132,89,186,672
d34ff5f9c2aa9905c4c141a868135a9354dd0692,2026-06-07 12:59:40 +0000,1217,432,311,545,324,132,89,186,672
f47b9f67828553a662101fd2517afcd10994d261,2026-06-07 13:10:46 +0000,1217,433,311,545,324,132,89,186,672
f5406b2691bbadc8f1bedd07e915dc082d45ac70,2026-06-07 13:21:07 +0000,1217,433,311,545,324,132,89,186,672
be5940b447af6b56b65bda9a7137d54f2170915e,2026-06-07 14:11:41 +0000,1217,433,311,545,324,132,89,186,672
bac37a1e6ccd1c5882ee3a7e34f1beabb01f55a0,2026-06-07 14:20:34 +0000,1217,434,311,545,324,132,89,186,672
439e475d8c7ef4538397b7befbbf47fbe84fd777,2026-06-07 14:47:56 +0000,1217,434,311,545,324,132,89,186,672
ab89f8dbe0817a911e7857691e927f3f2dfb17cf,2026-06-07 15:08:02 +0000,1217,435,311,545,324,132,89,186,672
a01f0b104b9108fc053b1287a16be872c609bf9e,2026-06-07 16:26:29 +0000,1217,435,311,545,324,132,89,186,672
783a2ca039e90815c28766856422a83c059fd0ff,2026-06-07 16:26:51 +0000,1217,435,311,545,324,132,89,186,672
2c70d54c8881128ce29ba7b77ee99acb7694489e,2026-06-07 16:31:06 +0000,1217,436,311,545,324,132,89,186,672
96b93ba14fcb76e8e89e7b4ba459eae56e3c3a1e,2026-06-07 16:37:33 +0000,1217,436,311,545,324,132,89,186,672
31164e8b00444a58ad6339f5dab622bef048398a,2026-06-07 23:10:02 +0000,1217,436,311,545,324,132,89,186,672
10123e39a22042bf59913895019096ac831c1fd3,2026-06-07 23:25:21 +0000,1217,436,311,545,324,132,89,186,672
ec1c52502b961821d622dff3dcc3a010ac2e5ba8,2026-06-08 07:38:39 +0000,1217,436,311,545,324,132,89,186,672
9642b54ffc526ff484f394684a7db3ff6f3077b1,2026-06-08 09:08:12 +0000,1217,437,311,545,324,132,89,186,672
8a06f14b591fbf683cf4e527792a7caad8f82f8e,2026-06-08 09:11:41 +0000,1217,438,311,545,324,132,89,186,672
4831218e2bd83a91a7733a9b15d31f449a94374e,2026-06-08 09:21:32 +0000,1217,438,311,545,324,132,89,186,672
f9f0727ca9b3354c44eb4d0f68d50aff269e9b70,2026-06-08 09:58:56 +0000,1217,438,311,545,324,132,89,186,672
cbefadf57b4e1afe641676458666286e957433ea,2026-06-08 12:54:30 +0000,1217,439,311,545,324,132,89,186,672
875f9f2e5937756450edad2b0951b0f1c0884d19,2026-06-08 13:15:34 +0000,1217,439,311,545,324,132,89,186,672
cfaed894cdfe5aad7122c64e8ee1e816a0385ae4,2026-06-08 14:40:12 +0000,1217,439,311,545,324,132,89,186,672
737460500a3872098d52d93a2b294f2d8ff27bb5,2026-06-08 15:40:29 +0000,1217,439,311,545,324,132,89,186,672
a5c362f4480859be2deb9d8c606774759442296c,2026-06-08 20:33:21 +0000,1217,440,311,545,324,132,89,186,672
abe1fc06a7193b0ba2437179611ff2f06eae7454,2026-06-09 10:24:34 +0000,1217,440,311,545,324,132,89,186,672
b99356b1518933a800df3ddfa95e3fb92bc725b3,2026-06-09 13:16:40 +0000,1217,440,311,545,324,132,89,186,672
09c780d9ff78f386d015204ac54c8d8b2d2d54ed,2026-06-09 13:44:34 +0000,1217,440,311,545,324,132,89,186,672
3c476aed43d73471cb1bbe227f1ff5ca850fb407,2026-06-09 14:46:02 +0000,1217,440,311,545,324,132,89,186,672
ec59ffe011e4d50c06300300aac3d5f081bc0884,2026-06-09 15:23:40 +0000,1217,440,311,545,324,132,89,186,672
d950a9497472f81bab69226c234543424082335a,2026-06-10 17:52:26 +0000,1217,440,311,545,324,132,89,186,672
4c0e3764fd5c3f0fca0b87d08e77efa0f2dde638,2026-06-10 18:06:39 +0000,1217,440,311,545,324,132,89,186,672
e5b82e1bca77a81c84cee6bb35e1d6d5167bcf4b,2026-06-10 23:29:36 +0000,1217,440,311,545,324,132,89,190,672
8d283ecbd2e19a75c7c3df94c1e695cfc74302a5,2026-06-11 09:39:56 +0000,1217,440,311,545,324,132,89,190,672
14679902de1d8db3ece46b42d27111d1a711341d,2026-06-11 17:02:43 +0000,1217,440,311,545,324,132,89,190,672
910841a923f54e945f23aa9a964e35108eb51328,2026-06-12 11:30:26 +0000,1217,440,311,545,324,132,89,190,672
89ddf5bf49320cba211037bfac69522cbb5109b2,2026-06-12 11:30:52 +0000,1217,440,311,545,324,132,89,190,672
223318cdfc98bb558bc56a9ccba93418107543be,2026-06-12 13:00:34 +0000,1217,440,311,545,324,132,89,190,672
21f68538d5986d56dae0c8938c82f6e2ca2fc233,2026-06-13 06:42:21 +0000,1217,440,311,545,324,132,89,190,672
b9462570a2ae4de4bda988a4eadb86dfe373a6f6,2026-06-13 07:22:21 +0000,1217,440,311,545,324,132,89,190,672
50216bddf6ec27b0304150b21ef4346123395984,2026-06-13 08:37:47 +0000,1217,440,311,545,324,132,89,190,672
3b5411ee80477db8d71eac607ce37973ad6e70dc,2026-06-13 08:41:07 +0000,1217,440,311,545,324,132,89,190,672
c0af8fcf41652f3919c27c2dc7619ef01c4eb544,2026-06-13 08:42:20 +0000,1217,441,311,545,324,132,89,190,672
6894d1c0c0c95a6c4b4cdf859f1a638a47429fbf,2026-06-13 08:42:54 +0000,1217,441,311,545,324,132,89,190,672
ebd6b9cc7867b5bd115dd21036951f629b52d7ff,2026-06-13 08:48:28 +0000,1217,441,311,545,324,132,89,190,672
531613baa764a39e47b5ecc64afdc7d454500913,2026-06-13 08:59:27 +0000,1217,441,311,545,324,132,89,190,672
7f3c88dd820cf6deb26bf5fc1c9397da1f25de3a,2026-06-13 19:28:20 +0000,1217,441,311,545,324,132,89,190,672
e99e7fe382c115d21adf0bd2b2a974e9b2f9f111,2026-06-14 07:22:09 +0000,1217,441,311,545,324,132,89,190,672
ea8ab7ec6f8971ee0e3cdc57e2045e78bd499399,2026-06-14 07:24:20 +0000,1217,441,311,545,324,132,89,190,672
82a5407c49da7fa9b3de038b49816853b2eaa3a2,2026-06-14 08:42:16 +0000,1217,441,311,545,324,132,89,190,672
7d8c57188188fa23356a1615455fe21144844886,2026-06-14 18:57:11 +0000,1217,441,311,545,324,132,89,190,672
3c583f6024ad36017675c509058759ae89c88262,2026-06-15 09:41:15 +0000,1217,441,311,545,324,132,89,190,672
47f18cec09de9fe8383f34b9801241c6018d446f,2026-06-15 09:56:23 +0000,1217,442,311,545,324,132,89,190,672
6faafdddfb2f0b6793f9adbf45df3562bb45d4e5,2026-06-15 10:21:46 +0000,1217,442,311,545,324,132,89,190,672
c85a753fed301a9a1c9c39d0c2404ca21317ae3a,2026-06-15 10:26:48 +0000,1217,442,311,545,324,132,89,190,672
e31b378038b411ba6ea28b5f6c0c1dbf5f08f14b,2026-06-15 11:11:31 +0000,1217,442,311,545,324,132,89,190,672
6d0a398278b7392bd936eff8655c6011b1f33244,2026-06-15 11:13:22 +0000,1217,442,311,546,324,132,90,190,671
d7a307e5bedae037520a4a9d836bf7d0fbf2787e,2026-06-15 18:25:47 +0000,1217,443,311,546,324,132,90,190,671
7a1f50ecf4531bac578dd647c8f31106e5a4f3c3,2026-06-15 18:28:24 +0000,1217,443,311,546,324,132,90,190,671
def8db39d87b6a25c2266b2a3a019ce894302836,2026-06-15 18:33:09 +0000,1217,443,311,546,324,132,90,190,671
1557b386c360dcc02a7834613b07c3a6d380c0d8,2026-06-15 23:14:46 +0000,1217,443,312,546,324,132,90,190,671
e0fcb4636004d8fa430caef74b88a85478a1ece7,2026-06-16 09:24:49 +0000,1217,443,312,546,324,132,90,190,671
99c799ea624586a16e5518f9ef9b36dfa87bf7ce,2026-06-16 12:31:57 +0000,1217,443,312,546,324,132,90,190,671
d72738c2f264d3d2cddd5b670606f6b9facbd09a,2026-06-16 13:38:46 +0000,1217,443,312,546,324,132,90,190,671
3ce3d86531d864005f4f342d490a5bab340938b9,2026-06-16 13:39:17 +0000,1217,443,312,546,324,132,90,190,671
22e41ccc4add577c2bd71bd656010434d41322b7,2026-06-16 15:07:13 +0000,1217,443,312,546,324,132,90,190,671
4059417ea511eba311fc35ad6a8be7e0c6180a05,2026-06-16 20:00:33 +0000,1217,443,312,546,324,132,90,190,671
db55151737b08ec5f96157aae088550cd9d7a5e5,2026-06-17 09:57:23 +0000,1217,444,312,546,324,132,90,190,671
59947aa4a1ae8f624371717d649a8d2f25be1f03,2026-06-17 12:44:28 +0000,1217,444,312,546,324,132,90,190,671
1abae19e60b3d10246d3e8f9fc03459269697267,2026-06-17 15:43:04 +0000,1217,444,312,546,324,132,90,190,671
5ee97fd19c25f862b36ea41924308b0be160cd91,2026-06-17 18:26:48 +0000,1217,444,312,546,324,132,90,190,671
7d0b06cf25d521fe19bec2605f48873f88e69af5,2026-06-17 19:34:43 +0000,1217,444,312,546,324,132,90,190,671
e86e263556b036acf6dcd4818b395734b4533e0e,2026-06-19 11:31:15 +0000,1217,444,312,546,324,132,90,190,671
ada695533c504b5edbc1fd26dd5c664c99184ab3,2026-06-19 13:32:31 +0000,1217,444,312,546,324,132,90,190,671
4a02935ef2680338b27b1a9e670b12590e0f2bc4,2026-06-20 10:05:46 +0000,1217,444,312,546,324,132,90,190,671
e7e029806287045bb05a6f455543aecc4a95107c,2026-06-20 11:05:13 +0000,1217,444,312,546,324,132,90,190,671
6f1d3e85633e89dbae15ba05c3a6c396947769a4,2026-06-20 11:16:16 +0000,1217,444,312,546,324,132,90,190,671
4f3b360c106934e741fabe66561397698ccf6332,2026-06-20 12:51:40 +0000,1217,444,312,546,324,132,90,190,671
e8adfaf6970f7630454ed8fd000c9c7cd6214554,2026-06-20 14:58:15 +0000,1217,444,312,546,324,132,90,190,671
0e8232da0ffc165c800dd841d5c0d130b55941b6,2026-06-20 15:45:09 +0000,1217,444,312,546,324,132,90,190,671
d020d2c6f20b23aadf98e988796704173595ba6c,2026-06-20 15:50:37 +0000,1217,446,312,546,324,132,90,190,671
4cd08291edb7c50d35e1d12e8e837394c05df544,2026-06-21 07:26:31 +0000,1217,446,312,547,325,132,90,191,670
decf6e6371c2837ee70fbd480891b0470c0c6ca8,2026-06-21 13:05:47 +0000,1217,446,312,547,325,132,90,191,670
4b4b4bfd3e8218222742f34c555f21d81f8c463b,2026-06-21 13:43:44 +0000,1217,447,312,547,325,132,90,191,670
1ba7b35e7897349fbb3c144099e9aab43df7050c,2026-06-21 21:03:00 +0000,1217,448,312,547,325,132,90,191,670
10882767cec4ea1db79e8c353e09509694bfa348,2026-06-21 21:37:51 +0000,1217,449,312,547,325,132,90,191,670
f19b2785901096553239aa6d3b5e9df429c82465,2026-06-22 07:13:10 +0000,1217,449,312,547,325,132,90,191,670
24b6e5782a9bab20e3bbac6e4cb4c77488e7ec34,2026-06-22 07:17:36 +0000,1217,449,312,547,325,132,90,191,670
034a085ffac05fb40d51ce878687129abaf4f57b,2026-06-22 07:27:28 +0000,1217,450,312,547,325,132,90,191,670
7a782c76d43952391f79fb863f6947ff2a3ac979,2026-06-22 07:37:15 +0000,1217,450,312,547,325,132,90,191,670
55d2c52fd54db100f3480f9a36fc4376e7178a91,2026-06-22 14:07:30 +0000,1217,450,312,547,325,132,90,191,670
a0f5c3522e7692435a8e812adbfab546a5806762,2026-06-22 15:54:15 +0000,1217,450,312,547,325,132,90,191,670
9b7e38a915c43d9ef1edce878b73eeca019c33ee,2026-06-23 08:23:18 +0000,1217,450,312,547,325,132,90,191,670
590de2cb42eab02db47fd5ebee0b60b9700003f1,2026-06-23 10:12:38 +0000,1217,450,312,547,325,132,90,191,670
2f3a66443b4f408e9c9fd8b81da5cec22bcea7e8,2026-06-23 10:14:12 +0000,1217,451,312,547,325,132,90,191,670
ba743ceb7873b4777fc79dc9188915c2691e83a6,2026-06-23 11:23:02 +0000,1217,452,312,547,325,132,90,191,670
2cd9dd6e578cf053523d9cc9d825e9f18c1f4416,2026-06-23 14:49:29 +0000,1217,452,312,547,325,132,90,191,670
ac09b779d8000dadf3a6cd3c1f9d1ec8c44ff98a,2026-06-24 09:08:42 +0000,1217,452,312,547,325,132,90,191,670
797f24904b8ce43ad7c67e19d9e941825fee07da,2026-06-24 09:34:59 +0000,1217,452,312,547,325,132,90,191,670
bdc49dee10a301db5f92432952320eaaf42c8325,2026-06-24 09:36:55 +0000,1217,453,312,547,325,132,90,191,670
1243048615df8c99cf64dc85bb014ae3ce0554eb,2026-06-24 09:52:48 +0000,1217,454,312,547,325,132,90,191,670
4c26444c529f4f2e68ff808bbc06b37dec91b54e,2026-06-24 09:56:18 +0000,1217,455,312,547,325,132,90,191,670
44c8d89e2afc52175a34ffc6b0f2a6b34aa02faf,2026-06-24 11:10:10 +0000,1217,456,312,547,325,132,90,191,670
b40999704037cc76cc3fefc6804000fd895c6b16,2026-06-24 13:05:11 +0000,1217,456,312,547,325,132,90,191,670
9e68bc6d3aa45772b8261d686edd117e36a224b7,2026-06-24 14:14:25 +0000,1217,456,312,547,325,132,90,191,670
74c0390e4ca0af63d84246d8e4cdbd39a0d2afda,2026-06-24 14:49:17 +0000,1217,457,312,547,325,132,90,191,670
fa602b395d81a16e79a66fc3ce588156dba22d48,2026-06-24 16:36:48 +0000,1217,457,312,547,325,132,90,191,670
164822bee823e71dce53530cd92bd669af1689cd,2026-06-24 19:12:14 +0000,1217,457,312,547,325,132,90,191,670
c6929cb09a129e1ca4205bb501913bb1e89d596f,2026-06-25 07:46:09 +0000,1217,457,312,547,325,132,90,191,670
fb3805534f46ee96ad3e97fa7f4868caf0e43831,2026-06-25 07:46:48 +0000,1217,457,312,547,325,132,90,191,670
1bc18362f3e03dccc2d6d1c92b929a42786db631,2026-06-25 07:49:02 +0000,1217,457,312,547,325,132,90,191,670
8d501b7827185fb75aaed55e56412cb9981bd07f,2026-06-25 07:55:53 +0000,1217,458,312,547,325,132,90,191,670
08a5dd57ac999b201e67e0719ed3cfa624ece8f2,2026-06-25 12:13:50 +0000,1217,458,312,547,325,132,90,191,670
e08ceae6244e4e8627409c239265878afd4e6506,2026-06-25 12:27:16 +0000,1217,458,312,547,325,132,90,191,670
eaae95481bd7d0a8a8205b6a191c4a09a3b801fe,2026-06-25 12:28:13 +0000,1217,458,312,547,325,132,90,191,670
e07fe38677e226d3fe4b6b66a95c1eee27400d07,2026-06-25 12:29:13 +0000,1217,458,312,547,325,132,90,191,670
e0d82d289e84bb68a80bc787f194b5b9b810b43c,2026-06-25 12:30:06 +0000,1217,458,312,547,325,132,90,199,670
0a1db79645266d69b60cad9fb87d798861f75f7b,2026-06-26 06:56:53 +0000,1217,469,312,547,325,132,90,199,670
6182e4ae8d9e81ab8156c939f6c9a5839f74e3dd,2026-06-26 06:58:48 +0000,1217,469,312,547,325,132,90,199,670
272365a0ab7bbf985399a7afcd67f378bbc5b564,2026-06-26 07:50:05 +0000,1217,469,312,547,325,132,90,199,670
83427958729a0b0ab58210d9c01eb0615960a7a6,2026-06-26 07:50:24 +0000,1217,469,312,547,325,132,90,199,670
759b311b5db845197f189468ab48827f19889795,2026-06-26 07:51:19 +0000,1217,469,312,547,325,132,90,199,670
e9eafb6c9f5400e1ad0298215e5aa3f891141b3e,2026-06-26 07:52:53 +0000,1217,469,312,547,325,132,90,199,670
240c027ae219ce8e536e0833acaa02b46b914822,2026-06-26 07:53:43 +0000,1217,469,312,547,325,132,90,199,670
2140b31cfe5411a1c7a943c1d0a987652c89c847,2026-06-26 07:54:43 +0000,1217,469,312,547,325,132,90,199,670
f96cff6f1769616d5b9d07d629b4fe6decc9c60e,2026-06-26 08:02:37 +0000,1217,469,312,547,325,132,90,199,670
015d81bfc820394bd04ca79f12a0dfe5793b2533,2026-06-26 08:03:08 +0000,1217,469,312,547,325,132,90,199,670
58936dd2607610bd431ed4fdb7145e41d7c62f73,2026-06-26 09:49:42 +0000,1217,469,312,547,325,132,90,199,670
32474a50129c51d4240c88123b7523f9d48d0041,2026-06-26 13:58:29 +0000,1217,469,312,547,325,132,90,199,670
6e338d96c9e5479189a846ed81f78894a6d9ceb0,2026-06-26 16:58:44 +0000,1217,469,312,547,325,132,90,199,670
b29ba6617d32f1ec9c88276981633a52d9080598,2026-06-26 21:23:39 +0000,1217,469,312,547,325,132,90,199,670
999cb5c1764be13b636ffe7fe31aeaad57b23f66,2026-06-26 21:34:29 +0000,1217,470,312,547,325,132,90,199,670
79e73ff2fdb1489321168c8729f22749c864a622,2026-06-27 13:11:29 +0000,1217,470,312,547,325,132,90,199,670
e0c6ef6826c0654ed3ef8da5b5f3d4d1bf0492f1,2026-06-27 19:14:45 +0000,1217,470,312,547,325,132,90,199,670
8211458e71e385e86215c8d63b9220b1771f0f5f,2026-06-29 10:01:21 +0000,1217,470,312,547,325,132,90,199,670
a780955674ad1dfbacde06a4dfe0205083e0e60a,2026-06-29 13:22:50 +0000,1217,470,312,547,325,132,90,199,670
93a12635a5881b1e82a74b18dbd3b824dca76b87,2026-06-29 15:12:50 +0000,1217,470,312,547,325,132,90,199,670
1848d156f87cf9d2d1f857ff432ccac0e3faf0f8,2026-06-29 17:01:24 +0000,1217,470,312,547,325,132,90,199,670
8c372b88e56ab270c7e4ea1a07992079cfb584bf,2026-06-29 18:05:57 +0000,1217,472,312,547,325,132,90,199,670
415792339147ae7ebb81da391b00247842f5e589,2026-06-29 18:06:34 +0000,1217,472,312,547,325,132,90,199,670
7fcef9dc8cee4bebf9a501ec2cf49565544c09ca,2026-06-29 19:41:19 +0000,1217,473,312,547,325,132,90,199,670
0d51dcc24ac81ee81609fb035a46aeed37e30af0,2026-06-30 07:31:11 +0000,1217,473,312,547,325,132,90,199,670
1bdfdbf20b91eb169850c35567a4ec57e3de529c,2026-06-30 09:49:05 +0000,1217,473,312,547,325,132,90,199,670
1a6cc45f300d7a2c196c2847ed4e5f0ee4a83f92,2026-07-02 00:51:04 +0000,1217,473,313,547,325,132,90,199,670
87320bcb534bd5a765f0a83b155eb41df37f3a45,2026-07-02 09:36:03 +0000,1217,475,313,547,325,132,90,199,670
501e09f98c4d8203f306a3bac78e210e81dc6dc2,2026-07-02 10:11:37 +0000,1217,481,313,547,325,132,90,199,670
a7109352ba1cd9af0086952c3bc7a217ebf1a774,2026-07-02 10:41:40 +0000,1217,482,313,547,325,132,90,199,670
405c162b5c0ffa14a4f368470b13e46cb81f3894,2026-07-02 11:11:14 +0000,1217,483,313,547,325,132,90,199,670
30a12d6fbceffff91d61f3b26669b929b4cf769f,2026-07-02 11:15:27 +0000,1217,485,313,547,325,132,90,199,670
bd579cd5b11153a2c90341b9815e5a6090be37c2,2026-07-02 11:16:04 +0000,1217,485,313,547,325,132,90,199,670
1978295ed39254eb5ffe3cee591c41e2bb3df2fa,2026-07-02 11:18:58 +0000,1217,485,313,547,325,132,90,199,670
03642a8bb841180033123eb8e7b4b5113bce1269,2026-07-02 11:37:20 +0000,1217,485,313,547,325,132,90,199,670
5fb1a14c9a8e42716cc1857f3b4380bea7ef344a,2026-07-02 13:00:30 +0000,1217,486,313,547,325,132,90,199,670
13ba620e1bf53eea47ed69934d48b373db11142f,2026-07-02 14:43:30 +0000,1217,486,313,549,326,132,91,200,668
4dca667491376391fac3bd2f05284d0e41776339,2026-07-05 14:15:37 +0000,1217,486,313,549,326,132,91,200,668
09a4a8aae452303249e7775f1bb804d553f567c3,2026-07-05 14:16:59 +0000,1217,486,313,549,326,132,91,200,668
f5d154cacd9c0928c9792e04708026f4ea86b255,2026-07-06 06:29:10 +0000,1217,486,313,551,326,132,93,200,666
4e57df76c771ee82a8b8eb1354e24d262ecfd280,2026-07-06 12:53:34 +0000,1217,490,313,551,326,132,93,200,666
eacba6c287c562f7960246f83221c2d4c430da2f,2026-07-06 12:55:00 +0000,1217,496,313,551,326,132,93,200,666
e6cfa3ff1b8cd1dc470038e0600df94ded1324d8,2026-07-06 15:25:06 +0000,1217,496,313,551,326,132,93,200,666
9e65519a166345431d6a100600d3b610ebc769ad,2026-07-07 21:09:28 +0000,1217,496,313,551,326,132,93,200,666
c0ca298ef6cb0f352d0e736e14e32a56241244aa,2026-07-07 21:12:49 +0000,1217,496,314,551,326,132,93,200,666
52b288fdda37b6f14b54f39eb6fb93d2e643a101,2026-07-09 13:27:37 +0000,1217,496,314,551,326,132,93,200,666
e5b67c7fa33d8ad1aabcc056b33f22120312d0ae,2026-07-14 16:23:31 +0000,1217,496,314,552,327,132,93,201,665
78997e63dcabff21a3051cb1f4c892a7d99f9067,2026-07-15 08:46:18 +0000,1217,496,314,553,328,132,93,202,664
5aca58abc6712b6412fb7115846a16ece45b0d41,2026-07-16 08:44:12 +0000,1217,496,314,555,328,132,95,202,662
9911186c89fe640a4d842e1c3f1526ac68d1fd4d,2026-07-16 17:08:36 +0000,1217,496,314,555,328,132,95,202,662
b8a57242debc375d367760dba3eb4011a08eccd5,2026-07-16 19:59:14 +0000,1217,497,314,555,328,132,95,202,662
0dba5cd3cbda6623c36fe2b9e3e56798f482c658,2026-07-16 23:29:27 +0000,1217,497,314,555,328,132,95,202,662
8cbad719512e130143e8b51cec90b398b006acfa,2026-07-17 12:14:49 +0000,1217,497,314,556,329,132,95,203,661
5db717df9f1255123c4f2d857060a7fa5ac6e61f,2026-07-17 17:07:34 +0000,1217,497,317,556,329,132,95,204,661
cfe07e48557e77e5e0b383538420f8be24671f7f,2026-07-19 06:45:00 +0000,1217,497,317,557,329,132,96,204,660
1b3dbffee842bd6806606693c333ef4c8d116102,2026-07-20 08:55:43 +0000,1217,497,317,557,329,132,96,204,660
693eacc29caf82137636e81ef9aab1a4ed0640f0,2026-07-20 13:52:49 +0000,1217,497,317,557,329,132,96,204,660
2f15e058b2f421485ac7cce8f5b65e0662a3bd20,2026-07-20 14:05:07 +0000,1217,497,317,557,329,132,96,204,660
e3ca49b3059085148357403f92f94a6bc5bdf6ff,2026-07-20 17:06:14 +0000,1217,497,317,557,329,132,96,204,660
1a811163a2f2e1e0b94a9b4864cbd36ae839dbf4,2026-07-20 20:03:50 +0000,1217,497,317,557,329,132,96,204,660
147f01e2e660d726f782ff4590722503c992361f,2026-07-21 07:34:48 +0000,1217,497,317,557,329,132,96,204,660
192651baba42411fafd1f67a635b8574a1cb5a4c,2026-07-21 08:15:15 +0000,1217,497,317,557,329,132,96,204,660
99f3aa713f166b8aa3f8586503a31e1d4d54a83f,2026-07-21 10:41:58 +0000,1217,497,317,557,329,132,96,204,660
f7993ea0309e3a292def7d6fc3351d9f22628f51,2026-07-21 10:53:15 +0000,1217,497,317,557,329,132,96,204,660
284487b806d4ee32a435bf2c901bf0d7af3ba693,2026-07-21 12:25:48 +0000,1217,497,317,557,329,132,96,204,660
a7b9502af8962b83161f403d55dddb1226e538d0,2026-07-21 12:41:28 +0000,1217,497,317,557,329,132,96,204,660
493f871876fb4f72ba6dce0e70d61ebccc9d884c,2026-07-21 13:33:47 +0000,1217,497,317,557,329,132,96,204,660
ec19f64e14a91904bc2eeb88d1992c3b251f5167,2026-07-21 15:55:51 +0000,1217,497,317,557,329,132,96,204,660
c3d416ced3dbec9cb4143395e266e296be39d4b4,2026-07-21 16:31:49 +0000,1217,497,317,557,329,132,96,204,660
99c2c7f398526b946d9eab4267d9903554bbe7c5,2026-07-21 16:49:05 +0000,1217,497,317,557,329,132,96,204,660
117e5bfaacdfc6744e32cc00bd8fad295eb7aad1,2026-07-21 17:27:03 +0000,1217,497,317,557,329,132,96,204,660
d237a81273e1f4e20c4900e4cc0c9bd820f6b3c8,2026-07-21 19:43:53 +0000,1217,497,317,557,329,132,96,204,660
7dc8bcc5574b0385e54847b65371f167d2c9dc4e,2026-07-22 07:06:29 +0000,1217,497,317,557,329,132,96,204,660
eacd0368a2428663dff6999b17921706137217e4,2026-07-22 13:00:16 +0000,1217,497,317,557,329,132,96,204,660
3871e0e6057e349b0f14dd23b2c6abad0ce08097,2026-07-22 13:01:59 +0000,1217,497,317,557,329,132,96,204,660
51047ba1250fd2f5744dd8fe385013f96082fe41,2026-07-22 13:07:56 +0000,1217,497,317,557,329,132,96,204,660
343b6f0b1da2b8121154e090bf58805466a182fe,2026-07-22 13:10:45 +0000,1217,509,317,557,329,132,96,204,660
75fd2b657328a1f905acc2c48c76d842260d0f09,2026-07-22 13:28:42 +0000,1217,509,317,557,329,132,96,204,660
14b0945415b5bcf6b4b303e90f7c45991cee349c,2026-07-22 17:00:30 +0000,1217,509,317,557,329,132,96,204,660
d2cd859c6a83dab49ed3eb8e0d47b11b43194cce,2026-07-22 20:14:00 +0000,1217,509,317,557,329,132,96,204,660
79c6f0ac0ab903f663f3029bc0d3bd2b25aeae2e,2026-07-22 21:33:13 +0000,1217,509,317,558,330,132,96,205,659
0a49c28b1eb1289c2b03cb94672388305e43dd42,2026-07-22 22:05:57 +0000,1217,509,317,558,330,132,96,205,659
2064db5540f9dddfb12c2a534a4bbd59d9e2eae3,2026-07-23 06:43:58 +0000,1217,509,317,558,330,132,96,205,659
0c4a724e7d3eb4fc49431a6832ebb7d0d2deeb7f,2026-07-23 08:48:46 +0000,1217,509,317,558,330,132,96,205,659
1fddae4643fac0308db2e557876b78072e30f2e1,2026-07-25 10:52:32 +0000,1217,509,317,558,330,132,96,205,659
12ddd7da82d4e0d651f334d466c4fb509444bf01,2026-07-25 13:58:49 +0000,1217,509,317,558,330,132,96,205,659
c5ac6fa600baa930e8f0513b4047f3103cbfc4fc,2026-07-25 14:00:19 +0000,1217,509,317,558,330,132,96,205,659
afc9083f624b93851f47b2377585f881b5a16071,2026-07-25 14:09:38 +0000,1217,509,317,558,330,132,96,205,659
3641d552965779631a51db6c37adcab9b4c9bf05,2026-07-25 16:12:47 +0000,1217,509,317,558,330,132,96,205,659
1e89dca8f5f7ad457d8cd531beb56b00ca2340de,2026-07-25 17:27:05 +0000,1217,509,317,559,330,132,97,205,658
f2c86d5bc7f8485ce801995ddcb00bc911071c78,2026-07-26 00:54:22 +0000,1217,509,317,559,330,132,97,205,658
6bcfdca9682239918df81d35e4fb12da22c61aaf,2026-07-26 09:32:30 +0000,1217,509,317,559,330,132,97,205,658
f15849873be8cef2b526dafe6cde43b57096ac49,2026-07-26 11:33:36 +0000,1217,509,317,559,330,132,97,205,658
0233466b921b619efe588b8c6f765316c0ca9217,2026-07-26 15:41:42 +0000,1217,509,317,559,330,132,97,205,658
6bd49c844e29cfba3c84f7a8a358cdcc8a184c30,2026-07-26 16:15:31 +0000,1217,509,317,559,330,132,97,205,658
01b39acc377438ab525dbe560d12a2d82cfc4aed,2026-07-26 16:43:35 +0000,1217,509,317,559,330,132,97,205,658
8967ab925419d98ae736e097c112e135430e8125,2026-07-26 16:51:13 +0000,1217,509,317,559,330,132,97,205,658
38d97bf8431207fd8bd0595414c5c8645f54477a,2026-07-26 19:08:00 +0000,1217,509,317,559,330,132,97,206,658
e5145a87748092babd7b4f990c493c0ab46edf10,2026-07-27 07:32:23 +0000,1217,509,317,559,330,132,97,206,658
6cde4e53369087273756a5f08685e2941ce51752,2026-07-27 09:08:24 +0000,1217,509,317,559,330,132,97,206,658
2512c2739787e42b0a8821a49a838497c1a2fff6,2026-07-28 07:39:20 +0000,1217,509,317,559,330,132,97,206,658
2e7e7a630f9814f3df562bc1b207d9ad41451a55,2026-07-29 09:13:38 +0000,1217,509,317,559,330,132,97,206,658
3dbe8fc67b59da26f59f0fb42b006f4218fe206b,2026-07-29 09:51:17 +0000,1217,509,317,559,330,132,97,206,658
d41452e1d1a348b9545d143fca4559c4caca4075,2026-07-31 02:26:02 +0000,1217,509,317,559,330,132,97,206,658
a2062b885f39bd1a8a10b03f62da0e749003ace6,2026-07-31 02:28:53 +0000,1217,509,319,559,330,132,97,207,658
d031865128a7ddccd85e8099f0f818211cfc9a41,2026-07-31 06:46:08 +0000,1217,509,319,559,330,132,97,207,658
8138974387d9030542daabe67faaa33eff9356f8,2026-08-02 14:45:08 +0000,1217,509,319,559,330,132,97,207,658
0dc098b6fef44ad3a5ff0ec3be7d46613e2837af,2026-08-02 14:46:34 +0000,1217,509,319,559,330,132,97,207,658
f965e9e9b1467a76997137f8245e8da9eaea5ca6,2026-08-02 14:47:35 +0000,1217,509,319,559,330,132,97,207,658
c51c4d0dbb7cdb3ffa75fcbce1a1f3d87b40385d,2026-08-02 14:58:19 +0000,1217,509,319,559,330,132,97,207,658
540b1bec981eb19e68e2f2d6ac3d80b83e471bd6,2026-08-02 16:23:54 +0000,1217,509,319,559,330,132,97,207,658
d841167cfdd0c510ab0d38acbaa517b6fabc68c4,2026-08-02 16:54:28 +0000,1217,509,319,559,330,132,97,207,658
15aeed0ac42a4cd1334fdc2c58d63d678f9e2ce6,2026-08-02 22:58:22 +0000,1217,509,320,559,330,132,97,208,658
b2ef703c2785a8902b7acdf7bf245bfb453f919c,2026-08-02 23:07:25 +0000,1217,509,320,559,330,132,97,210,658
bef1e5234cfb94a5407a74a59eec87f471b09cc4,2026-08-03 09:09:30 +0000,1217,509,320,559,330,132,97,210,658
98a0e2a339e2919978ca15e753d35aad1ea39c8d,2026-08-03 09:38:51 +0000,1217,509,320,559,330,132,97,210,658
2980366f48197e3773d6c967c8f7309a17561cb0,2026-08-03 11:17:13 +0000,1217,509,320,559,330,132,97,210,658
6546db9fe7326e1cb6086c6c0e03f25354790f6f,2026-08-03 12:21:49 +0000,1217,511,320,559,330,132,97,210,658
e4d960ba5a459d822c85959fcbe2f58e5f4bd803,2026-08-03 13:45:11 +0000,1217,511,320,559,330,132,97,210,658
797c288264ba343a0118c6957656d669517dca51,2026-08-03 14:14:13 +0000,1217,511,320,559,330,132,97,210,658
301bf735cc4d74907a89b28e113373c9dde6c9bf,2026-08-03 14:26:03 +0000,1217,511,320,559,330,132,97,210,658
acdc5f260b3d3f7c702a088ab925f4f13eac254a,2026-08-03 14:29:48 +0000,1217,511,320,559,330,132,97,210,658
2a489e5fd8e25969e4ea0a337452759dca10eafe,2026-08-03 16:52:19 +0000,1217,521,320,559,330,132,97,210,658
bdbdfc75d04c4f78537347a59be533c364eb0e2f,2026-08-03 18:20:59 +0000,1217,522,320,559,330,132,97,210,658
7cf7062888f3ad7f23e2448fe8e9c7f1902e2c7c,2026-08-03 18:26:11 +0000,1217,532,320,559,330,132,97,210,658
ab3d572ce53c8b143517338c631378682baff666,2026-08-03 20:15:18 +0000,1217,542,320,559,330,132,97,210,658
a93561681ab207320711a99ff4a2bae32dbecab1,2026-08-03 20:51:44 +0000,1217,542,320,559,330,132,97,210,658
7e8c4f0743f0fafa0fe83b412a292595076a12bc,2026-08-03 21:04:25 +0000,1217,543,320,559,330,132,97,210,658
bad452e4850673ad229cf24eb5bc0b0a8f99c8ed,2026-08-04 06:15:34 +0000,1217,543,320,559,330,132,97,210,658
6dec6f043ed2b0fb8f18c4a3149ac34c92526a31,2026-08-04 08:23:28 +0000,1217,543,320,559,330,132,97,210,658
c5333337f7540f1cf4133fab41a02a310c9fa178,2026-08-04 08:38:24 +0000,1217,543,320,559,330,132,97,210,658
fefe8d8b4074e956d8f3c57c3b23c291a1a5f96e,2026-08-04 09:51:39 +0000,1217,543,320,559,330,132,97,210,658
6d6bae77566d98652f9c51260c2dd03cdc6f0010,2026-08-04 10:47:26 +0000,1217,543,320,559,330,132,97,210,658
b67a4c9eac46b0fe47e0b13f8acbd7f971acd48c,2026-08-04 10:48:12 +0000,1217,543,320,559,330,132,97,210,658
7464933cfe793018824310bf947ae9363e70d7bc,2026-08-04 11:33:13 +0000,1217,553,320,559,330,132,97,210,658
28ff32818f8764fdfbc580d277c664b17a56f3bb,2026-08-04 12:50:53 +0000,1217,553,320,559,330,132,97,210,658
3d2d6bff99093d4b699842f0204e1933b72e4890,2026-08-04 13:46:36 +0000,1217,553,320,559,330,132,97,210,658
01b329fc1261fe6507ea1e7baab7ddce9c514c16,2026-08-04 15:07:46 +0000,1217,561,320,559,330,132,97,210,658
aa3266c87d67281f47ffd591e5673d9f3b06e102,2026-08-04 19:57:38 +0000,1217,571,320,559,330,132,97,210,658
c30d5585806d7fb1b566b337a41d0ccfa024e9d6,2026-08-04 20:07:32 +0000,1217,581,320,559,330,132,97,210,658
df4ab9e1278ddd63cb78867cc0c6d8fe950114e8,2026-08-04 21:03:10 +0000,1217,581,320,559,330,132,97,210,658
f4f4adef77bd98ed3175e4bc01aeb463dc9f1a67,2026-08-04 21:17:11 +0000,1217,581,320,559,330,132,97,210,658
30c2e9cd3c4b9a9d1bf60267812152233a3a1258,2026-08-04 21:22:54 +0000,1217,581,320,559,330,132,97,210,658
a093038666a0b0127311c3a446bb383a38801d19,2026-08-04 21:32:04 +0000,1217,581,320,559,330,132,97,210,658
98fe2e0051176bff2abb24d26374110edfc9880a,2026-08-04 21:47:42 +0000,1217,581,320,559,330,132,97,210,658
420f9c178e7bf8750b55c5f1de566bd054ad05d5,2026-08-04 21:53:11 +0000,1217,581,320,559,330,132,97,210,658
53013f11a26cb4ed4b6f50df5f5c4f381257f3d4,2026-08-04 21:53:51 +0000,1217,581,320,559,330,132,97,210,658
368c37d08aa55129cbab1eb2861e756495abca11,2026-08-05 05:54:53 +0000,1217,581,320,559,330,132,97,210,658
1b4a5ef0bd77cd1fdb439e1c1a128bdd855e9fd4,2026-08-05 07:22:01 +0000,1217,581,320,559,330,132,97,210,658
be0559beb1910d78f8d5598b4b651f14b84f38cb,2026-08-05 07:32:04 +0000,1217,581,320,559,330,132,97,210,658
0e1b55d1595e5d34db2800ee6602ddd56a62a411,2026-08-05 07:35:20 +0000,1217,581,320,559,330,132,97,210,658
75d49175a31e37564fc21de7b4b53d65869ff85a,2026-08-05 07:35:57 +0000,1217,581,320,559,330,132,97,210,658
46251470e7c290e2f61ba4b8f26f244650cd621b,2026-08-05 07:38:28 +0000,1217,581,320,559,330,132,97,210,658
8c91aa9c2d13e46aa0e8249c7988161e19bc8a90,2026-08-05 07:41:39 +0000,1217,581,320,559,330,132,97,210,658
e37eac8fd1511f54d563bbb4e3017d20ccadec17,2026-08-05 07:42:05 +0000,1217,581,320,559,330,132,97,210,658
0079e9c51811eca535e9df323cac0706e7275584,2026-08-05 07:53:41 +0000,1217,582,320,559,330,132,97,210,658
8f978075f8d20b3cfd2870e22d34d775f74c40a2,2026-08-05 08:07:21 +0000,1217,582,320,559,330,132,97,210,658
4939754a5a1baa3fe31662d50ea780f6b5230d0d,2026-08-05 08:08:19 +0000,1217,582,320,559,330,132,97,210,658
9fd6e532a6bbf73be1fc3003da1f37ce5e374125,2026-08-05 08:36:10 +0000,1217,582,320,559,330,132,97,210,658
3f9d2aa9c4dd9fc392ef37ee2fc21316ffcc822b,2026-08-05 08:39:56 +0000,1217,582,320,559,330,132,97,210,658
1682bb2cbf35fc7c01a82fbbfd87a2009954c093,2026-08-05 08:41:04 +0000,1217,582,320,559,330,132,97,210,658
58b4952a66100f095a34ddbb3b26e6bb71ce87f4,2026-08-05 08:55:23 +0000,1217,582,320,559,330,132,97,210,658
ab86e7b152419d8c720ed30782571aaaf11e9d89,2026-08-05 09:00:38 +0000,1217,582,320,559,330,132,97,210,658
049f626460176aa0c5ebcd720b33fb10545e0ca4,2026-08-05 10:20:04 +0000,1217,583,320,559,330,132,97,210,658
dd90336cf9b169e42f5de67b5468572ad1fd6c98,2026-08-05 10:29:39 +0000,1217,593,320,559,330,132,97,210,658
129cfbc1892cf795208ec5af1dfdd3ea8e1ef299,2026-08-05 11:10:35 +0000,1217,593,320,559,330,132,97,210,658
c9ace8dedd8f5362ce0bac63ceb7654aee7521f5,2026-08-05 11:31:51 +0000,1217,593,320,559,330,132,97,210,658
560b721b50b3198af2092b7e65c3b96f752f43b8,2026-08-05 13:22:24 +0000,1217,593,320,559,330,132,97,210,658
d8f5c062a9fbeb4301a65a7e2586f96002f3b6ae,2026-08-05 16:54:03 +0000,1217,593,320,559,330,132,97,210,658
1e4961718eb601c752a399999d919c1ed0d064ca,2026-08-05 19:37:34 +0000,1217,593,320,559,330,132,97,210,658
8cf65bf242c12a21b10dbda2d6c164088cce5182,2026-08-05 19:40:03 +0000,1217,593,320,559,330,132,97,210,658
097e5158c354078843db2626f662f8434a356d8b,2026-08-06 05:40:22 +0000,1217,593,320,559,330,132,97,210,658
8ac41070458c7fc9912a8f0428e0660bafa09a82,2026-08-06 08:47:05 +0000,1217,593,320,559,330,132,97,210,658
952189ffedb2729a603603237ef1b8b52b312b55,2026-08-06 09:58:44 +0000,1217,593,320,559,330,132,97,210,658
4fa2cdecd042f24cb12420722cc1a66330880412,2026-08-06 10:30:33 +0000,1217,593,320,559,330,132,97,210,658
a12529346f7c7fd121a451f7573e95c3687012e0,2026-08-06 10:30:59 +0000,1217,593,320,559,330,132,97,210,658
dbc9c65212085a045067d5b0cd9d5b9d8d68195f,2026-08-06 11:01:47 +0000,1217,593,320,559,330,132,97,210,658
01ce070a69f85d53abbbf726955cb092b229d18f,2026-08-06 11:03:05 +0000,1217,593,320,559,330,132,97,210,658
979a5a0a401f9c26376f0c31ac86543fb4141807,2026-08-06 11:05:43 +0000,1217,593,320,559,330,132,97,210,658
d48320e5cc9b2fe92ea03a385eece8f9d18d1201,2026-08-06 11:06:35 +0000,1217,593,320,559,330,132,97,210,658
e373b21b7973f1f27988ed0c77428e4f9f532599,2026-08-06 23:29:39 +0000,1217,593,320,559,330,132,97,210,658
468d7f426ef5d34485327af55043d16306025f40,2026-08-06 23:31:28 +0000,1217,593,320,559,330,132,97,210,658
38454467137e5df4f54f20dccbb00b55338007eb,2026-08-07 00:36:35 +0000,1217,593,320,559,330,132,97,210,658
3549f33563f80c4c7bc342739d83f2450594f62a,2026-08-07 00:40:51 +0000,1217,593,320,559,330,132,97,210,658
165395b5bb13c55e263608570ce7f25b79e1550e,2026-08-07 00:56:36 +0000,1217,593,320,559,330,132,97,210,658
6aeb208c1dd9f91bf61f35b62b00e42dc0736151,2026-08-07 04:03:51 +0000,1217,593,320,559,330,132,97,210,658
db2cf08ffc82f98c6314d8f27865ad11655aed04,2026-08-07 06:48:44 +0000,1217,593,321,559,330,132,97,210,658
6888bbb75ad1c2b1886fcaa38fee712171943336,2026-08-07 07:15:54 +0000,1217,596,321,559,330,132,97,210,658
e5eece57c85c691b4e6cfde8a421d66021b1d3cd,2026-08-07 07:18:58 +0000,1217,596,321,559,330,132,97,210,658
13622b49fc7de729c6d1ede28c62815e4390f10a,2026-08-07 08:39:54 +0000,1217,599,321,559,330,132,97,210,658
5ed2e1975dddca378459dabf1140d8a07dabffd3,2026-08-07 09:54:41 +0000,1217,599,321,559,330,132,97,210,658
b8478d93365b10d99c441ff9e46512e5ca897e37,2026-08-07 11:52:54 +0000,1217,604,321,559,330,132,97,210,658
6b29b7fd619c3c79a91653c7f1251ad704fb5cfa,2026-08-07 16:34:14 +0000,1217,604,321,559,330,132,97,210,658
5e4e8b5fe1fcf0e6559f67dd1a6d1a8a3c805713,2026-08-07 18:47:57 +0000,1217,604,321,559,330,132,97,210,658
5e22e39e81adac467dd36bfbe33ea59c49180bdf,2026-08-07 21:55:49 +0000,1217,604,321,559,330,132,97,210,658
2f90fd0a12fd1821ff729301bb5ab0aa311dbe0d,2026-08-07 22:10:19 +0000,1217,604,321,559,330,132,97,210,658
3bdc93aef3fc55aa8552dcc0cab624ed542532ea,2026-08-07 22:24:22 +0000,1217,604,321,559,330,132,97,210,658
2ac915b2734e0589b6343b07adbafb37d0f90269,2026-08-08 10:13:10 +0000,1217,604,321,559,330,132,97,210,658
995cf741457b9788aea04b33e561b183deaa382c,2026-08-08 13:09:02 +0000,1217,604,321,559,330,132,97,210,658
1c88acbf442abe82b877c691cf2266d90ee38376,2026-08-08 13:52:29 +0000,1217,604,321,559,330,132,97,210,658
af35d7744ce36f4bbc9d1c3f2769be960a092b05,2026-08-08 14:00:27 +0000,1217,605,321,559,330,132,97,210,658
5cfb82c8c6bf4f6827675847c4e08bfd68bd6aac,2026-08-08 14:22:27 +0000,1217,605,321,559,330,132,97,210,658
8299bb6ddfc3c97fdb38ecfa7e2f746cfde54932,2026-08-08 15:31:22 +0000,1217,605,321,559,330,132,97,210,658
402130d5c3180f67976827cf1c7fac1edc9ad751,2026-08-09 11:56:23 +0000,1217,605,321,559,330,132,97,210,658
1ee5123cf25299ccbd4f159208185c66dee8dff8,2026-08-09 11:58:49 +0000,1217,606,321,559,330,132,97,210,658
3e557edd5a9bc9a10f78ccba2ad1701f47076188,2026-08-09 12:20:21 +0000,1217,606,321,559,330,132,97,210,658
d92f41077ffb03ca3e5907bca823b65b25d6d06b,2026-08-09 15:27:07 +0000,1217,606,321,559,330,132,97,210,658
6e0038703c54fdb48fd82ac5540dd296ea51a429,2026-08-09 15:45:44 +0000,1217,606,321,559,330,132,97,210,658
c55c07ed1d52a460bcc74f4906e8e34104b4ecb4,2026-08-09 15:57:04 +0000,1217,606,321,559,330,132,97,210,658
b52d32479ea661fc7c87549c5efe496c7e289756,2026-08-09 18:02:29 +0000,1217,606,321,559,330,132,97,210,658
a95bf701c04fc675dc67b31471ea627488027d45,2026-08-09 18:20:22 +0000,1217,606,321,559,330,132,97,210,658
a6c251edd8d32bc064a96437e82e2c7ec5f97125,2026-08-09 18:25:42 +0000,1217,606,321,559,330,132,97,210,658
e705e81ac2b56f029b6ea2f57a6ffc9b055bcb11,2026-08-09 18:53:32 +0000,1217,606,321,559,330,132,97,210,658
6207cf2ff1a3871d5db2624257a37b6765f936f4,2026-08-09 19:12:44 +0000,1217,606,321,559,330,132,97,210,658
8c33d7b8fd62e63533df8f5e158bd17205750ebf,2026-08-09 21:27:44 +0000,1217,607,321,559,330,132,97,210,658
af90db960021ff3247f0374e015dae97b5125ff6,2026-08-10 07:42:04 +0000,1217,607,321,559,330,132,97,210,658
76e6461c98813e8bc944f2e499ce2620425fe9f9,2026-08-10 09:36:56 +0000,1217,607,321,559,330,132,97,210,658
0a54b81144cf9ad0413c9f726e30bffc1a726a88,2026-08-10 13:33:01 +0000,1217,608,321,559,330,132,97,210,658
d820e9ba520227f88ef68bd74b55601b00ef3fa9,2026-08-10 15:00:38 +0000,1217,608,321,559,330,132,97,210,658
a7c0c018665c2ff892d4e750b3d659146c3c045f,2026-08-11 07:40:08 +0000,1217,608,321,559,330,132,97,210,658
6c70a5b72323c34f180af22aa8002f33d67ac431,2026-08-11 07:42:14 +0000,1217,608,321,559,330,132,97,210,658
579b259ef6b1392637427292273edd1e14440045,2026-08-11 09:54:31 +0000,1217,608,321,559,330,132,97,210,658
01eddc4504cc204a16708ca6bdc1a3f287b4b70c,2026-08-11 10:26:01 +0000,1217,608,321,559,330,132,97,210,658
f1cc4b3fd6bdbe05ae0d30477c836be2490d9f82,2026-08-11 10:37:48 +0000,1217,608,321,559,330,132,97,210,658
6929b78952e18c11d5cb28fe9438081ee1d49448,2026-08-11 12:38:24 +0000,1217,608,321,559,330,132,97,210,658
b66f28279ccaea36305a826ad13a8d8547345429,2026-08-11 20:10:01 +0000,1217,608,321,559,330,132,97,210,658
436800e592a2fcd9f56cd07880bb14245dced079,2026-08-11 21:36:54 +0000,1217,608,321,559,330,132,97,210,658
ee3ea804dfe11868648fd8e3c0b73a596456833a,2026-08-11 21:40:29 +0000,1217,608,321,559,330,132,97,210,658
5ec9fd85dd2b77ba0437a70708441878bf3bc9ee,2026-08-11 21:57:29 +0000,1217,608,321,559,330,132,97,210,658
7253ce281a2453793d297345f2d46e659936978b,2026-08-11 21:57:47 +0000,1217,608,321,559,330,132,97,210,658
f3ad5b3e8f85497b556592580935367b0463e79f,2026-08-12 07:29:19 +0000,1217,608,321,559,330,132,97,210,658
9d66e46f26590f74b1d753908166610ca3128735,2026-08-12 08:54:12 +0000,1217,608,321,559,330,132,97,210,658
c5c9395cc14fffe2c45ad8681fe984128132473a,2026-08-12 09:38:53 +0000,1217,608,321,559,330,132,97,210,658
7ee9ec8cc3c36679b9176897271b0c4f185e40ff,2026-08-12 10:09:59 +0000,1217,608,321,559,330,132,97,210,658
4108da08857c88de0befd8e295606539fe7a0cd6,2026-08-12 10:35:35 +0000,1217,608,321,559,330,132,97,210,658
21ff9968bf94d9b31d24910c0bb6b370746ae0ba,2026-08-12 10:45:35 +0000,1217,608,321,559,330,132,97,210,658
0c586886f33fce53f68a83134ced9e792f04661c,2026-08-12 10:55:52 +0000,1217,608,321,559,330,132,97,210,658
a0c8dd1f3e6546f9ff382f8a6a511eb7d93e9614,2026-08-12 13:07:23 +0000,1217,608,321,559,330,132,97,210,658
6ab30d2b145f56a568ed45502e379fb645ed8553,2026-08-12 14:15:41 +0000,1217,608,321,559,330,132,97,210,658
3b828449aed721ba53d0cead6701c7702116e7d9,2026-08-12 15:44:44 +0000,1217,608,321,559,330,132,97,210,658
6dc7e71fba91ba1dcc8a3285547273630b6641e4,2026-08-12 20:59:03 +0000,1217,608,321,559,330,132,97,210,658
7bc1e45fcb8cc9ba15cf7b739345a66e49834150,2026-08-13 00:44:16 +0000,1217,608,321,559,330,132,97,210,658
eb73c078b5c94ed3b31db5c7adfe95be0dc42d22,2026-08-13 12:47:49 +0000,1217,608,321,559,330,132,97,210,658
e883cdf8936b86a4c3dff15049f1f474c68a443f,2026-08-13 12:49:58 +0000,1217,608,321,559,330,132,97,210,658
0d7b9971a7ef50e3d0ee8499a2c75294575a0053,2026-08-13 13:29:33 +0000,1217,608,321,559,330,132,97,210,658
eaa8f4eba04056e717edc4e4dcab84372d0479b3,2026-08-13 14:24:25 +0000,1217,608,321,559,330,132,97,210,658
9e2f986d9132a12b0399bedac8bf26bd2a16b16b,2026-08-13 15:51:03 +0000,1217,608,321,559,330,132,97,210,658
66dfe4860f73d94ecb1b09b99990a67272b6d16a,2026-08-13 18:39:18 +0000,1217,608,321,559,330,132,97,210,658
eedfc69275221d1bc1d1e505ee3c7750c468ccca,2026-08-13 20:43:54 +0000,1217,608,321,559,330,132,97,210,658
d65ff9d44d71827af255441580da000e0cf5487d,2026-08-13 20:54:30 +0000,1217,608,321,559,330,132,97,210,658
968a5a74ce73dd7ded07fb8c09618044bd97adfb,2026-08-13 21:22:16 +0000,1217,608,321,559,330,132,97,210,658
7b4c20b6ae1aa17cf06db1e514d0f73a1757684c,2026-08-13 21:50:22 +0000,1217,608,321,559,330,132,97,210,658
90d38b86f47f2f4a2abd791c805d235735021a43,2026-08-14 01:48:08 +0000,1217,608,321,559,330,132,97,210,658
360e19847f19fac2bc5ae97150133e634598d378,2026-08-14 08:03:24 +0000,1217,608,321,559,330,132,97,210,658
54deed89bd8742d87abd9308d5913c16efedc60f,2026-08-14 08:20:37 +0000,1217,608,321,559,330,132,97,210,658
a09c7a211de434ac05fb6550362c95d80793bdb4,2026-08-14 12:35:40 +0000,1217,608,321,559,330,132,97,210,658
6c80de0d3a5cebca3b36b5ed6c1549dcc98d930c,2026-08-14 14:39:57 +0000,1217,608,321,559,330,132,97,210,658
f52eb8d779751b2076da0c7daa1252704a4ae341,2026-08-14 14:50:36 +0000,1217,608,321,559,330,132,97,210,658
adcc7c0de5585145182a75acbadaabd5e3495604,2026-08-14 14:54:16 +0000,1217,608,321,559,330,132,97,210,658
c14cce128ccc2c2a171f107bc388aa3a13ae0297,2026-08-14 15:36:39 +0000,1217,608,321,559,330,132,97,210,658
e33269847f61853ea845a9b75484b3e5b9d18a49,2026-08-14 15:45:49 +0000,1217,608,321,559,330,132,97,210,658
2bb4a511b18432d4c06b078c559fcf86fd92b070,2026-08-14 18:29:21 +0000,1217,608,321,559,330,132,97,210,658
b468b4d3914e8318ac3678dafaf8ed5af905e3ed,2026-08-14 18:36:07 +0000,1217,608,321,559,330,132,97,210,658
1ca2d4e0748273c28b1ffeec975444e5cf35a188,2026-08-14 19:50:31 +0000,1217,608,321,559,330,132,97,210,658
29a5321ae8f09a0bd3b0bb1791aedb47d620af56,2026-08-14 20:20:18 +0000,1217,608,321,559,330,132,97,210,658
9e6de4037aff9bbd46e2093811a10332b3920f2d,2026-08-14 20:25:08 +0000,1217,608,321,559,330,132,97,210,658
a4f57fa6173aa9c8cbf1ec7c4ce2e561635c9744,2026-08-14 20:26:53 +0000,1217,608,321,559,330,132,97,210,658
b97f8f17df784b95bfe00eb8ca30cd14a372866f,2026-08-14 21:42:16 +0000,1217,608,321,559,330,132,97,210,658
2398a073f72d5ea80bc13682520957e730fb67da,2026-08-14 22:12:33 +0000,1217,609,321,559,330,132,97,210,658
bc573f938a60ac16db64e62dbceb92ea405ba080,2026-08-14 22:13:30 +0000,1217,609,321,559,330,132,97,210,658
3cbe2cffad0267952de3523089549009ea6fe5dc,2026-08-15 10:24:40 +0000,1217,609,321,559,330,132,97,210,658
d095f7371ae23edc078e702e2cba3b2a5cb6d31e,2026-08-15 10:29:38 +0000,1217,609,321,559,330,132,97,210,658
ea4f52a2248d3118f20e68c041adb920cab48e67,2026-08-15 10:34:10 +0000,1217,609,321,559,330,132,97,210,658
b9b55d82ac5dcd234f68bae0bce6841be6e26a5e,2026-08-15 10:41:18 +0000,1217,609,321,559,330,132,97,210,658
96bc96263c2d915be3cc86cb8532c7407ca37421,2026-08-15 10:56:13 +0000,1217,609,321,559,330,132,97,210,658
bc3996d8afe1b757a8fd9cb287292b9184c9e729,2026-08-15 11:54:09 +0000,1217,609,321,559,330,132,97,210,658
9cf49a81093ff14222c723889c6205062590c3cb,2026-08-15 12:23:49 +0000,1217,609,321,559,330,132,97,210,658
bbd589eda9ff10499841477a7f9011b876eb3f3d,2026-08-16 08:34:10 +0000,1217,609,321,559,330,132,97,210,658
c0056fb23f9a3c856efa8bf3eb6414d998d872b2,2026-08-16 08:40:51 +0000,1217,609,321,559,330,132,97,210,658
fd56475dd1b18be95c92df7d5b7e5efcf24d7bfb,2026-08-16 08:59:26 +0000,1217,609,321,559,330,132,97,210,658
4dc1370d902b7c72ed091391682cd0134ca651f9,2026-08-16 10:10:51 +0000,1217,609,321,559,330,132,97,210,658
b8c2e0600465ea9f84950a201a5428cdbe167477,2026-08-16 10:15:23 +0000,1217,609,321,559,330,132,97,210,658
4979558b1926dde2ac16a37d7a61903e97cf977f,2026-08-16 10:32:20 +0000,1217,609,321,559,330,132,97,210,658
99d43112670d1b30284c5a7ce171c45f00333847,2026-08-16 11:51:20 +0000,1217,609,321,559,330,132,97,210,658
c7172eca43ea29ef08f550bd38895590e58a7a18,2026-08-16 11:59:34 +0000,1217,609,321,559,330,132,97,210,658
d630ef2ca4f7a1180c48285b7c4568f157b0e162,2026-08-16 15:02:02 +0000,1217,609,321,559,330,132,97,210,658
5c710d955963925abd35973cc86b1e9e19eb1e6b,2026-08-16 15:38:59 +0000,1217,609,321,559,330,132,97,210,658
8aed07da0efbc2c775302c3ca65a27f0d83cb6bd,2026-08-16 16:08:34 +0000,1217,609,321,559,330,132,97,210,658
314f15538af8e803175890bfa457d04922eb761e,2026-08-17 07:42:33 +0000,1217,609,321,559,330,132,97,210,658
cdd31827eded05e10fb5bb3914c32d00333140dc,2026-08-17 18:10:08 +0000,1217,609,321,559,330,132,97,210,658
2052e0ba592cf351ee65b1eaf08d5975e0499a2e,2026-08-18 12:18:35 +0000,1217,609,321,559,330,132,97,210,658
d2e10e5de52b043ed20903580c968c387772e4b4,2026-08-18 12:25:42 +0000,1217,609,321,559,330,132,97,210,658
ba5810d72ad39f7174a939f7e1b7194e3dc5703a,2026-08-18 14:23:36 +0000,1217,609,321,559,330,132,97,210,658
47708bc60c709e3cc2b4018a73bb6360c6a4d2be,2026-08-18 21:41:28 +0000,1217,609,321,559,330,132,97,210,658
ae8a6827f1070921a62726cdfd921d28f089337f,2026-08-18 22:54:55 +0000,1217,609,321,559,330,132,97,210,658
881735e82124ab8ad7adea9b7d0aeb3c026dcb95,2026-08-19 07:02:16 +0000,1217,609,321,559,330,132,97,210,658
f2f4f2a8d9886908c350a8bddf19e231dd45981f,2026-08-19 08:02:13 +0000,1217,609,321,559,330,132,97,210,658
db41bf185e429e85a1375162a24c7b7b86f805d4,2026-08-19 09:10:23 +0000,1217,609,321,559,330,132,97,210,658
90b00e82d47b4abe2f344e52e1dd5dc2ddfe6cff,2026-08-19 11:46:16 +0000,1217,609,321,559,330,132,97,210,658
931e7db4ee3c97705598f802e8358a201b9e422c,2026-08-20 09:36:04 +0000,1217,609,321,559,330,132,97,210,658
08c3ed89ea0dca72aad30f26dde045a48a1b9a6c,2026-08-20 11:39:28 +0000,1217,609,321,559,330,132,97,210,658
a0caa500ffc4c10d53d72dfb5a31441e91495e2e,2026-08-20 11:41:33 +0000,1217,610,321,559,330,132,97,210,658
4f7ac5adb32cc74c1090dac4b63e509b57a0f277,2026-08-20 13:59:01 +0000,1217,610,321,559,330,132,97,210,658
3c93f348b9c6df6e5b18ba07afe18f0da3d2d6b4,2026-08-20 15:15:41 +0000,1217,610,321,559,330,132,97,210,658
bb91d0f9d6960376fbbe6cabd91443d55c1a57b3,2026-08-20 15:52:02 +0000,1217,610,321,559,330,132,97,210,658
769bd32ef8b6a7d138a69921e7f69cb74b3eef9b,2026-08-20 19:21:56 +0000,1217,610,321,559,330,132,97,210,658
1ec8d59bd3c903fbe094899eb89f5c1efc4c238f,2026-08-21 08:34:21 +0000,1217,610,321,559,330,132,97,210,658
5a1c607081ca36cec6e7f0d558e364ec03d8b1e3,2026-08-21 09:59:44 +0000,1217,610,321,559,330,132,97,210,658
9e3aed0575e882c5e234e530e57b33fa0b645295,2026-08-21 10:37:05 +0000,1217,610,321,559,330,132,97,210,658
335c513d087a4a01672490159108bd5a079ca7e4,2026-08-21 18:17:27 +0000,1217,610,321,559,330,132,97,210,658
59f85785956e34555b6399164812ab4c94598471,2026-08-21 22:33:46 +0000,1217,610,321,559,330,132,97,210,658
e0e2832f8a0ab755dccb4c484632063cfe048a63,2026-08-21 23:38:54 +0000,1217,610,321,559,330,132,97,210,658
66895afe31bf62f18d506e7f814d0cf08371e34e,2026-08-22 14:09:26 +0000,1217,610,321,559,330,132,97,210,658
1ec3b68fbd7bde3b319e508e24e2154679b69bb9,2026-08-22 14:12:14 +0000,1217,610,321,559,330,132,97,210,658
0ae797fc0774ae110d17d5f82581e424ffb19631,2026-08-22 14:25:27 +0000,1217,610,321,559,330,132,97,210,658
c044370376a0f0fcbe68129896e571a796674974,2026-08-22 17:18:53 +0000,1217,610,321,559,330,132,97,210,658
c27b273e1ccdad269405e358b0a01206eac41ee7,2026-08-22 17:27:00 +0000,1217,610,321,559,330,132,97,210,658
79354dbd7eb3618f208d19e3a8e8126c18fcae45,2026-08-22 17:41:49 +0000,1217,610,321,559,330,132,97,210,658
6b01521ccf9b07e856fd564a15fe51eeea615308,2026-08-22 17:46:05 +0000,1217,610,321,559,330,132,97,210,658
a8b8ac08ba0b808629034e2a991756cb3731f173,2026-08-22 22:12:44 +0000,1217,610,321,559,330,132,97,210,658
b455880508683689b5587e4e801ce7aae064c9a2,2026-08-23 15:40:09 +0000,1217,610,321,559,330,132,97,210,658
dfbf4678427ec325c9bb712484e1722d21bf58bc,2026-08-24 02:18:31 +0000,1217,610,321,559,330,132,97,250,658
9cfb265f9fa57390908d80624d61b9551d454398,2026-08-26 08:34:31 +0000,1217,612,321,559,330,132,97,250,658
628278eb1a304da691df7900825fe96898cb9d8e,2026-08-28 16:54:56 +0000,1217,612,321,559,330,132,97,290,658
c3fbd6376c46cb5a8416cb5b551c327b10396d85,2026-08-28 17:42:02 +0000,1217,612,321,559,330,132,97,291,658
7b7132c41e2fd887bf46a3627e9723906c12869f,2026-08-31 12:16:21 +0000,1217,612,321,564,330,136,98,292,653
514c2879d5b903a2060d97f950cf3aab23346ead,2026-09-01 12:55:38 +0000,1217,612,321,567,330,136,101,292,650
124d967001458735ea67d55473540f5abe767074,2026-09-01 14:30:51 +0000,1217,612,321,568,330,136,102,292,649
2ef794a0a1854fd783de46b9ea35f09746895958,2026-09-01 17:26:45 +0000,1217,614,321,568,330,136,102,292,649
a9315e8632c0bca842c2ce1b438857a3e2d8a2ad,2026-09-01 18:32:25 +0000,1217,615,321,568,330,136,102,292,649
8c4115b90d62f3fab4027550b4c67f06c4abf323,2026-09-02 11:31:59 +0000,1217,616,321,568,330,136,102,292,649
695fb72e52dc17c9836af70fccfaeeed5d927b39,2026-09-02 12:01:34 +0000,1217,618,321,568,330,136,102,292,649
494a1f6be61667c949c1d7c73ec9d6d9de89c0a2,2026-09-02 14:11:01 +0000,1217,619,321,568,330,136,102,292,649
e743ffd91509e3c02edd90a5500cd831c0536686,2026-09-02 18:48:53 +0000,1217,620,321,568,330,136,102,292,649
1834e6e48ea4173726b8525711898855637f8315,2026-09-02 18:59:50 +0000,1217,621,321,568,330,136,102,292,649
21fd7a81deed7b14ad000eeb0de8226b3e414d3e,2026-09-02 20:59:43 +0000,1217,622,321,568,330,136,102,292,649
4eadb8512ab721017bfec0b855ddd22a63e7d9e7,2026-09-02 22:20:23 +0000,1217,623,321,568,330,136,102,292,649
99c392535c69420e7e09b2ced731423a0c83ebc0,2026-09-03 19:30:53 +0000,1217,623,321,574,334,138,102,292,643
82f908ef42e7152c5811c9aa83eb3706e7418de5,2026-09-04 16:52:06 +0000,1217,623,321,575,334,139,102,292,642
f2552acddecdb2f053ace88093c092645b12d7f2,2026-09-05 02:49:58 +0000,1217,623,321,575,334,139,102,298,642
4fe3433083918480dd2d78d898a748a4ce02eaff,2026-09-05 02:51:06 +0000,1217,623,324,575,334,139,102,298,642
b17335bedda8c2aeea16eefe04f941c59745dc1e,2026-09-05 06:50:37 +0000,1217,623,324,577,334,139,104,298,640
56d4286e6dece34ff05bf1fd2ce684111da4c912,2026-09-07 07:20:14 +0000,1217,623,324,578,334,139,105,298,639
296f99aa870a9933383989ba827d98aabe544124,2026-09-07 15:33:53 +0000,1217,640,324,578,334,139,105,298,639
